2025-11-03 11:52:34:5234 [http]: Incoming request
{
  "method": "GET",
  "url": "/api/admin/services?page=1&limit=4",
  "ip": "::1",
  "userAgent": "Mozilla/5.0 (Windows NT 10.0; Win64; x64) AppleWebKit/537.36 (KHTML, like Gecko) Chrome/141.0.0.0 Safari/537.36",
  "query": {
    "page": "1",
    "limit": "4"
  }
}
2025-11-03 11:52:34:5234 [info]: Fetching all services
{
  "operation": "getAllServices",
  "page": 1,
  "limit": 4
}
2025-11-03 11:52:34:5234 [info]: Fetching all services
{
  "operation": "getAllServices",
  "data": {
    "page": 1,
    "limit": 4,
    "hasSearch": false
  }
}
2025-11-03 11:52:34:5234 [debug]: Fetching all services with pagination
{
  "operation": "getAllServices",
  "data": {
    "page": 1,
    "limit": 4,
    "hasSearch": false
  },
  "skip": 0,
  "limit": 4
}
2025-11-03 11:52:34:5234 [debug]: Services retrieved from repository
{
  "operation": "getAllServices",
  "data": {
    "page": 1,
    "limit": 4,
    "hasSearch": false
  },
  "servicesCount": 4,
  "totalCount": 6
}
2025-11-03 11:52:34:5234 [info]: All services retrieved successfully
{
  "operation": "getAllServices",
  "data": {
    "page": 1,
    "limit": 4,
    "hasSearch": false
  },
  "totalServices": 6,
  "returnedServices": 4
}
2025-11-03 11:52:34:5234 [info]: All services retrieved successfully
{
  "operation": "getAllServices",
  "page": 1,
  "limit": 4,
  "totalServices": 6
}
2025-11-03 11:52:35:5235 [http]: ::1 - - [03/Nov/2025:06:22:35 +0000] "GET /api/admin/services?page=1&limit=4 HTTP/1.1" 200 3348 "http://localhost:5173/" "Mozilla/5.0 (Windows NT 10.0; Win64; x64) AppleWebKit/537.36 (KHTML, like Gecko) Chrome/141.0.0.0 Safari/537.36"
2025-11-03 11:52:35:5235 [http]: Request completed
{
  "method": "GET",
  "url": "/?page=1&limit=4",
  "statusCode": 200,
  "duration": "216ms",
  "contentLength": "3348"
}
2025-11-03 11:52:35:5235 [http]: Incoming request
{
  "method": "GET",
  "url": "/api/admin/services?page=1&limit=4",
  "ip": "::1",
  "userAgent": "Mozilla/5.0 (Windows NT 10.0; Win64; x64) AppleWebKit/537.36 (KHTML, like Gecko) Chrome/141.0.0.0 Safari/537.36",
  "query": {
    "page": "1",
    "limit": "4"
  }
}
2025-11-03 11:52:35:5235 [info]: Fetching all services
{
  "operation": "getAllServices",
  "page": 1,
  "limit": 4
}
2025-11-03 11:52:35:5235 [info]: Fetching all services
{
  "operation": "getAllServices",
  "data": {
    "page": 1,
    "limit": 4,
    "hasSearch": false
  }
}
2025-11-03 11:52:35:5235 [debug]: Fetching all services with pagination
{
  "operation": "getAllServices",
  "data": {
    "page": 1,
    "limit": 4,
    "hasSearch": false
  },
  "skip": 0,
  "limit": 4
}
2025-11-03 11:52:35:5235 [debug]: Services retrieved from repository
{
  "operation": "getAllServices",
  "data": {
    "page": 1,
    "limit": 4,
    "hasSearch": false
  },
  "servicesCount": 4,
  "totalCount": 6
}
2025-11-03 11:52:35:5235 [info]: All services retrieved successfully
{
  "operation": "getAllServices",
  "data": {
    "page": 1,
    "limit": 4,
    "hasSearch": false
  },
  "totalServices": 6,
  "returnedServices": 4
}
2025-11-03 11:52:35:5235 [info]: All services retrieved successfully
{
  "operation": "getAllServices",
  "page": 1,
  "limit": 4,
  "totalServices": 6
}
2025-11-03 11:52:35:5235 [http]: ::1 - - [03/Nov/2025:06:22:35 +0000] "GET /api/admin/services?page=1&limit=4 HTTP/1.1" 304 - "http://localhost:5173/" "Mozilla/5.0 (Windows NT 10.0; Win64; x64) AppleWebKit/537.36 (KHTML, like Gecko) Chrome/141.0.0.0 Safari/537.36"
2025-11-03 11:52:35:5235 [http]: Request completed
{
  "method": "GET",
  "url": "/?page=1&limit=4",
  "statusCode": 304,
  "duration": "134ms"
}
2025-11-03 11:53:11:5311 [http]: Incoming request
{
  "method": "OPTIONS",
  "url": "/api/auth/signup",
  "ip": "::1",
  "userAgent": "Mozilla/5.0 (Windows NT 10.0; Win64; x64) AppleWebKit/537.36 (KHTML, like Gecko) Chrome/141.0.0.0 Safari/537.36",
  "query": {}
}
2025-11-03 11:53:11:5311 [http]: ::1 - - [03/Nov/2025:06:23:11 +0000] "OPTIONS /api/auth/signup HTTP/1.1" 204 0 "http://localhost:5173/" "Mozilla/5.0 (Windows NT 10.0; Win64; x64) AppleWebKit/537.36 (KHTML, like Gecko) Chrome/141.0.0.0 Safari/537.36"
2025-11-03 11:53:11:5311 [http]: Request completed
{
  "method": "OPTIONS",
  "url": "/api/auth/signup",
  "statusCode": 204,
  "duration": "6ms",
  "contentLength": "0"
}
2025-11-03 11:53:11:5311 [http]: Incoming request
{
  "method": "POST",
  "url": "/api/auth/signup",
  "ip": "::1",
  "userAgent": "Mozilla/5.0 (Windows NT 10.0; Win64; x64) AppleWebKit/537.36 (KHTML, like Gecko) Chrome/141.0.0.0 Safari/537.36",
  "query": {}
}
2025-11-03 11:53:11:5311 [info]: Signup request received
{
  "operation": "signup",
  "userType": "user",
  "email": "unni@yopmail.com",
  "ip": "::1",
  "userAgent": "Mozilla/5.0 (Windows NT 10.0; Win64; x64) AppleWebKit/537.36 (KHTML, like Gecko) Chrome/141.0.0.0 Safari/537.36"
}
2025-11-03 11:53:11:5311 [info]: Starting user signup process
{
  "operation": "signup",
  "data": {
    "email": "unni@yopmail.com",
    "userType": "user"
  }
}
2025-11-03 11:53:11:5311 [info]: OTP record created successfully
{
  "operation": "signup",
  "data": {
    "email": "unni@yopmail.com",
    "userType": "user"
  },
  "otpPurpose": "signup"
}
2025-11-03 11:53:16:5316 [info]: Email OTP sent successfully
{
  "operation": "signup",
  "data": {
    "email": "unni@yopmail.com",
    "userType": "user"
  },
  "channel": "email",
  "email": "unni@yopmail.com"
}
2025-11-03 11:53:16:5316 [info]: Signup OTP process completed successfully
{
  "operation": "signup",
  "data": {
    "email": "unni@yopmail.com",
    "userType": "user"
  },
  "channels": [
    "email: unni@yopmail.com"
  ]
}
2025-11-03 11:53:16:5316 [info]: Signup completed successfully
{
  "operation": "signup",
  "userType": "user",
  "email": "unni@yopmail.com",
  "ip": "::1",
  "userAgent": "Mozilla/5.0 (Windows NT 10.0; Win64; x64) AppleWebKit/537.36 (KHTML, like Gecko) Chrome/141.0.0.0 Safari/537.36",
  "success": true
}
2025-11-03 11:53:16:5316 [http]: ::1 - - [03/Nov/2025:06:23:16 +0000] "POST /api/auth/signup HTTP/1.1" 200 109 "http://localhost:5173/" "Mozilla/5.0 (Windows NT 10.0; Win64; x64) AppleWebKit/537.36 (KHTML, like Gecko) Chrome/141.0.0.0 Safari/537.36"
2025-11-03 11:53:16:5316 [http]: Request completed
{
  "method": "POST",
  "url": "/signup",
  "statusCode": 200,
  "duration": "5013ms",
  "contentLength": "109"
}
2025-11-03 11:53:27:5327 [http]: Incoming request
{
  "method": "OPTIONS",
  "url": "/api/auth/verify-otp",
  "ip": "::1",
  "userAgent": "Mozilla/5.0 (Windows NT 10.0; Win64; x64) AppleWebKit/537.36 (KHTML, like Gecko) Chrome/141.0.0.0 Safari/537.36",
  "query": {}
}
2025-11-03 11:53:27:5327 [http]: ::1 - - [03/Nov/2025:06:23:27 +0000] "OPTIONS /api/auth/verify-otp HTTP/1.1" 204 0 "http://localhost:5173/" "Mozilla/5.0 (Windows NT 10.0; Win64; x64) AppleWebKit/537.36 (KHTML, like Gecko) Chrome/141.0.0.0 Safari/537.36"
2025-11-03 11:53:27:5327 [http]: Request completed
{
  "method": "OPTIONS",
  "url": "/api/auth/verify-otp",
  "statusCode": 204,
  "duration": "3ms",
  "contentLength": "0"
}
2025-11-03 11:53:27:5327 [http]: Incoming request
{
  "method": "POST",
  "url": "/api/auth/verify-otp",
  "ip": "::1",
  "userAgent": "Mozilla/5.0 (Windows NT 10.0; Win64; x64) AppleWebKit/537.36 (KHTML, like Gecko) Chrome/141.0.0.0 Safari/537.36",
  "query": {}
}
2025-11-03 11:53:27:5327 [info]: OTP verification request received
{
  "operation": "verifyOtp",
  "email": "unni@yopmail.com"
}
2025-11-03 11:53:27:5327 [info]: Starting OTP verification process
{
  "operation": "verifyOtp",
  "data": {
    "email": "unni@yopmail.com",
    "userType": "user"
  }
}
2025-11-03 11:53:27:5327 [info]: OTP validated successfully
{
  "operation": "verifyOtp",
  "data": {
    "email": "unni@yopmail.com",
    "userType": "user"
  },
  "otpId": "69084a4f27f3d49e658e0028"
}
2025-11-03 11:53:27:5327 [info]: Creating new user with initial role
{
  "operation": "verifyOtp",
  "data": {
    "email": "unni@yopmail.com",
    "userType": "user"
  },
  "userType": "user"
}
2025-11-03 11:53:27:5327 [info]: New user created successfully
{
  "operation": "verifyOtp",
  "data": {
    "email": "unni@yopmail.com",
    "userType": "user"
  },
  "userId": "69084a5f27f3d49e658e002c"
}
2025-11-03 11:53:27:5327 [debug]: Mapping user to response DTO
{
  "operation": "mapToUserResponseDto",
  "userId": "69084a5f27f3d49e658e002c"
}
2025-11-03 11:53:27:5327 [info]: OTP verification completed successfully
{
  "operation": "verifyOtp",
  "data": {
    "email": "unni@yopmail.com",
    "userType": "user"
  },
  "userId": "69084a5f27f3d49e658e002c",
  "userRoles": [
    "user"
  ]
}
2025-11-03 11:53:27:5327 [info]: OTP verification completed
{
  "operation": "verifyOtp",
  "email": "unni@yopmail.com",
  "success": true
}
2025-11-03 11:53:27:5327 [http]: ::1 - - [03/Nov/2025:06:23:27 +0000] "POST /api/auth/verify-otp HTTP/1.1" 200 692 "http://localhost:5173/" "Mozilla/5.0 (Windows NT 10.0; Win64; x64) AppleWebKit/537.36 (KHTML, like Gecko) Chrome/141.0.0.0 Safari/537.36"
2025-11-03 11:53:27:5327 [http]: Request completed
{
  "method": "POST",
  "url": "/verify-otp",
  "statusCode": 200,
  "duration": "412ms",
  "contentLength": "692"
}
2025-11-03 11:53:27:5327 [http]: Incoming request
{
  "method": "OPTIONS",
  "url": "/api/admin/services?page=1&limit=4",
  "ip": "::1",
  "userAgent": "Mozilla/5.0 (Windows NT 10.0; Win64; x64) AppleWebKit/537.36 (KHTML, like Gecko) Chrome/141.0.0.0 Safari/537.36",
  "query": {
    "page": "1",
    "limit": "4"
  }
}
2025-11-03 11:53:27:5327 [http]: ::1 - - [03/Nov/2025:06:23:27 +0000] "OPTIONS /api/admin/services?page=1&limit=4 HTTP/1.1" 204 0 "http://localhost:5173/" "Mozilla/5.0 (Windows NT 10.0; Win64; x64) AppleWebKit/537.36 (KHTML, like Gecko) Chrome/141.0.0.0 Safari/537.36"
2025-11-03 11:53:27:5327 [http]: Request completed
{
  "method": "OPTIONS",
  "url": "/api/admin/services?page=1&limit=4",
  "statusCode": 204,
  "duration": "10ms",
  "contentLength": "0"
}
2025-11-03 11:53:27:5327 [http]: Incoming request
{
  "method": "GET",
  "url": "/api/admin/services?page=1&limit=4",
  "ip": "::1",
  "userAgent": "Mozilla/5.0 (Windows NT 10.0; Win64; x64) AppleWebKit/537.36 (KHTML, like Gecko) Chrome/141.0.0.0 Safari/537.36",
  "query": {
    "page": "1",
    "limit": "4"
  }
}
2025-11-03 11:53:27:5327 [info]: Fetching all services
{
  "operation": "getAllServices",
  "page": 1,
  "limit": 4
}
2025-11-03 11:53:27:5327 [info]: Fetching all services
{
  "operation": "getAllServices",
  "data": {
    "page": 1,
    "limit": 4,
    "hasSearch": false
  }
}
2025-11-03 11:53:27:5327 [debug]: Fetching all services with pagination
{
  "operation": "getAllServices",
  "data": {
    "page": 1,
    "limit": 4,
    "hasSearch": false
  },
  "skip": 0,
  "limit": 4
}
2025-11-03 11:53:27:5327 [http]: Incoming request
{
  "method": "OPTIONS",
  "url": "/api/admin/services?page=1&limit=4",
  "ip": "::1",
  "userAgent": "Mozilla/5.0 (Windows NT 10.0; Win64; x64) AppleWebKit/537.36 (KHTML, like Gecko) Chrome/141.0.0.0 Safari/537.36",
  "query": {
    "page": "1",
    "limit": "4"
  }
}
2025-11-03 11:53:27:5327 [http]: ::1 - - [03/Nov/2025:06:23:27 +0000] "OPTIONS /api/admin/services?page=1&limit=4 HTTP/1.1" 204 0 "http://localhost:5173/" "Mozilla/5.0 (Windows NT 10.0; Win64; x64) AppleWebKit/537.36 (KHTML, like Gecko) Chrome/141.0.0.0 Safari/537.36"
2025-11-03 11:53:27:5327 [http]: Request completed
{
  "method": "OPTIONS",
  "url": "/api/admin/services?page=1&limit=4",
  "statusCode": 204,
  "duration": "12ms",
  "contentLength": "0"
}
2025-11-03 11:53:27:5327 [http]: Incoming request
{
  "method": "GET",
  "url": "/api/admin/services?page=1&limit=4",
  "ip": "::1",
  "userAgent": "Mozilla/5.0 (Windows NT 10.0; Win64; x64) AppleWebKit/537.36 (KHTML, like Gecko) Chrome/141.0.0.0 Safari/537.36",
  "query": {
    "page": "1",
    "limit": "4"
  }
}
2025-11-03 11:53:27:5327 [info]: Fetching all services
{
  "operation": "getAllServices",
  "page": 1,
  "limit": 4
}
2025-11-03 11:53:27:5327 [info]: Fetching all services
{
  "operation": "getAllServices",
  "data": {
    "page": 1,
    "limit": 4,
    "hasSearch": false
  }
}
2025-11-03 11:53:27:5327 [debug]: Fetching all services with pagination
{
  "operation": "getAllServices",
  "data": {
    "page": 1,
    "limit": 4,
    "hasSearch": false
  },
  "skip": 0,
  "limit": 4
}
2025-11-03 11:53:27:5327 [debug]: Services retrieved from repository
{
  "operation": "getAllServices",
  "data": {
    "page": 1,
    "limit": 4,
    "hasSearch": false
  },
  "servicesCount": 4,
  "totalCount": 6
}
2025-11-03 11:53:27:5327 [info]: All services retrieved successfully
{
  "operation": "getAllServices",
  "data": {
    "page": 1,
    "limit": 4,
    "hasSearch": false
  },
  "totalServices": 6,
  "returnedServices": 4
}
2025-11-03 11:53:27:5327 [info]: All services retrieved successfully
{
  "operation": "getAllServices",
  "page": 1,
  "limit": 4,
  "totalServices": 6
}
2025-11-03 11:53:27:5327 [http]: ::1 - - [03/Nov/2025:06:23:27 +0000] "GET /api/admin/services?page=1&limit=4 HTTP/1.1" 200 3348 "http://localhost:5173/" "Mozilla/5.0 (Windows NT 10.0; Win64; x64) AppleWebKit/537.36 (KHTML, like Gecko) Chrome/141.0.0.0 Safari/537.36"
2025-11-03 11:53:27:5327 [http]: Request completed
{
  "method": "GET",
  "url": "/?page=1&limit=4",
  "statusCode": 200,
  "duration": "134ms",
  "contentLength": "3348"
}
2025-11-03 11:53:27:5327 [debug]: Services retrieved from repository
{
  "operation": "getAllServices",
  "data": {
    "page": 1,
    "limit": 4,
    "hasSearch": false
  },
  "servicesCount": 4,
  "totalCount": 6
}
2025-11-03 11:53:27:5327 [info]: All services retrieved successfully
{
  "operation": "getAllServices",
  "data": {
    "page": 1,
    "limit": 4,
    "hasSearch": false
  },
  "totalServices": 6,
  "returnedServices": 4
}
2025-11-03 11:53:27:5327 [info]: All services retrieved successfully
{
  "operation": "getAllServices",
  "page": 1,
  "limit": 4,
  "totalServices": 6
}
2025-11-03 11:53:27:5327 [http]: ::1 - - [03/Nov/2025:06:23:27 +0000] "GET /api/admin/services?page=1&limit=4 HTTP/1.1" 200 3348 "http://localhost:5173/" "Mozilla/5.0 (Windows NT 10.0; Win64; x64) AppleWebKit/537.36 (KHTML, like Gecko) Chrome/141.0.0.0 Safari/537.36"
2025-11-03 11:53:27:5327 [http]: Request completed
{
  "method": "GET",
  "url": "/?page=1&limit=4",
  "statusCode": 200,
  "duration": "116ms",
  "contentLength": "3348"
}
2025-11-03 11:53:29:5329 [http]: Incoming request
{
  "method": "OPTIONS",
  "url": "/api/admin/services?page=1&limit=10",
  "ip": "::1",
  "userAgent": "Mozilla/5.0 (Windows NT 10.0; Win64; x64) AppleWebKit/537.36 (KHTML, like Gecko) Chrome/141.0.0.0 Safari/537.36",
  "query": {
    "page": "1",
    "limit": "10"
  }
}
2025-11-03 11:53:30:5330 [http]: ::1 - - [03/Nov/2025:06:23:29 +0000] "OPTIONS /api/admin/services?page=1&limit=10 HTTP/1.1" 204 0 "http://localhost:5173/" "Mozilla/5.0 (Windows NT 10.0; Win64; x64) AppleWebKit/537.36 (KHTML, like Gecko) Chrome/141.0.0.0 Safari/537.36"
2025-11-03 11:53:30:5330 [http]: Request completed
{
  "method": "OPTIONS",
  "url": "/api/admin/services?page=1&limit=10",
  "statusCode": 204,
  "duration": "15ms",
  "contentLength": "0"
}
2025-11-03 11:53:30:5330 [http]: Incoming request
{
  "method": "GET",
  "url": "/api/admin/services?page=1&limit=10",
  "ip": "::1",
  "userAgent": "Mozilla/5.0 (Windows NT 10.0; Win64; x64) AppleWebKit/537.36 (KHTML, like Gecko) Chrome/141.0.0.0 Safari/537.36",
  "query": {
    "page": "1",
    "limit": "10"
  }
}
2025-11-03 11:53:30:5330 [info]: Fetching all services
{
  "operation": "getAllServices",
  "page": 1,
  "limit": 10
}
2025-11-03 11:53:30:5330 [info]: Fetching all services
{
  "operation": "getAllServices",
  "data": {
    "page": 1,
    "limit": 10,
    "hasSearch": false
  }
}
2025-11-03 11:53:30:5330 [debug]: Fetching all services with pagination
{
  "operation": "getAllServices",
  "data": {
    "page": 1,
    "limit": 10,
    "hasSearch": false
  },
  "skip": 0,
  "limit": 10
}
2025-11-03 11:53:30:5330 [http]: Incoming request
{
  "method": "OPTIONS",
  "url": "/api/admin/services?page=1&limit=10",
  "ip": "::1",
  "userAgent": "Mozilla/5.0 (Windows NT 10.0; Win64; x64) AppleWebKit/537.36 (KHTML, like Gecko) Chrome/141.0.0.0 Safari/537.36",
  "query": {
    "page": "1",
    "limit": "10"
  }
}
2025-11-03 11:53:30:5330 [http]: ::1 - - [03/Nov/2025:06:23:30 +0000] "OPTIONS /api/admin/services?page=1&limit=10 HTTP/1.1" 204 0 "http://localhost:5173/" "Mozilla/5.0 (Windows NT 10.0; Win64; x64) AppleWebKit/537.36 (KHTML, like Gecko) Chrome/141.0.0.0 Safari/537.36"
2025-11-03 11:53:30:5330 [http]: Request completed
{
  "method": "OPTIONS",
  "url": "/api/admin/services?page=1&limit=10",
  "statusCode": 204,
  "duration": "17ms",
  "contentLength": "0"
}
2025-11-03 11:53:30:5330 [http]: Incoming request
{
  "method": "GET",
  "url": "/api/admin/services?page=1&limit=10",
  "ip": "::1",
  "userAgent": "Mozilla/5.0 (Windows NT 10.0; Win64; x64) AppleWebKit/537.36 (KHTML, like Gecko) Chrome/141.0.0.0 Safari/537.36",
  "query": {
    "page": "1",
    "limit": "10"
  }
}
2025-11-03 11:53:30:5330 [info]: Fetching all services
{
  "operation": "getAllServices",
  "page": 1,
  "limit": 10
}
2025-11-03 11:53:30:5330 [info]: Fetching all services
{
  "operation": "getAllServices",
  "data": {
    "page": 1,
    "limit": 10,
    "hasSearch": false
  }
}
2025-11-03 11:53:30:5330 [debug]: Fetching all services with pagination
{
  "operation": "getAllServices",
  "data": {
    "page": 1,
    "limit": 10,
    "hasSearch": false
  },
  "skip": 0,
  "limit": 10
}
2025-11-03 11:53:30:5330 [http]: Incoming request
{
  "method": "OPTIONS",
  "url": "/api/admin/services?page=1&limit=10",
  "ip": "::1",
  "userAgent": "Mozilla/5.0 (Windows NT 10.0; Win64; x64) AppleWebKit/537.36 (KHTML, like Gecko) Chrome/141.0.0.0 Safari/537.36",
  "query": {
    "page": "1",
    "limit": "10"
  }
}
2025-11-03 11:53:30:5330 [http]: ::1 - - [03/Nov/2025:06:23:30 +0000] "OPTIONS /api/admin/services?page=1&limit=10 HTTP/1.1" 204 0 "http://localhost:5173/" "Mozilla/5.0 (Windows NT 10.0; Win64; x64) AppleWebKit/537.36 (KHTML, like Gecko) Chrome/141.0.0.0 Safari/537.36"
2025-11-03 11:53:30:5330 [http]: Request completed
{
  "method": "OPTIONS",
  "url": "/api/admin/services?page=1&limit=10",
  "statusCode": 204,
  "duration": "8ms",
  "contentLength": "0"
}
2025-11-03 11:53:30:5330 [http]: Incoming request
{
  "method": "OPTIONS",
  "url": "/api/admin/services?page=1&limit=10",
  "ip": "::1",
  "userAgent": "Mozilla/5.0 (Windows NT 10.0; Win64; x64) AppleWebKit/537.36 (KHTML, like Gecko) Chrome/141.0.0.0 Safari/537.36",
  "query": {
    "page": "1",
    "limit": "10"
  }
}
2025-11-03 11:53:30:5330 [http]: ::1 - - [03/Nov/2025:06:23:30 +0000] "OPTIONS /api/admin/services?page=1&limit=10 HTTP/1.1" 204 0 "http://localhost:5173/" "Mozilla/5.0 (Windows NT 10.0; Win64; x64) AppleWebKit/537.36 (KHTML, like Gecko) Chrome/141.0.0.0 Safari/537.36"
2025-11-03 11:53:30:5330 [http]: Request completed
{
  "method": "OPTIONS",
  "url": "/api/admin/services?page=1&limit=10",
  "statusCode": 204,
  "duration": "3ms",
  "contentLength": "0"
}
2025-11-03 11:53:30:5330 [http]: Incoming request
{
  "method": "GET",
  "url": "/api/admin/services?page=1&limit=10",
  "ip": "::1",
  "userAgent": "Mozilla/5.0 (Windows NT 10.0; Win64; x64) AppleWebKit/537.36 (KHTML, like Gecko) Chrome/141.0.0.0 Safari/537.36",
  "query": {
    "page": "1",
    "limit": "10"
  }
}
2025-11-03 11:53:30:5330 [info]: Fetching all services
{
  "operation": "getAllServices",
  "page": 1,
  "limit": 10
}
2025-11-03 11:53:30:5330 [info]: Fetching all services
{
  "operation": "getAllServices",
  "data": {
    "page": 1,
    "limit": 10,
    "hasSearch": false
  }
}
2025-11-03 11:53:30:5330 [debug]: Fetching all services with pagination
{
  "operation": "getAllServices",
  "data": {
    "page": 1,
    "limit": 10,
    "hasSearch": false
  },
  "skip": 0,
  "limit": 10
}
2025-11-03 11:53:30:5330 [http]: Incoming request
{
  "method": "GET",
  "url": "/api/admin/services?page=1&limit=10",
  "ip": "::1",
  "userAgent": "Mozilla/5.0 (Windows NT 10.0; Win64; x64) AppleWebKit/537.36 (KHTML, like Gecko) Chrome/141.0.0.0 Safari/537.36",
  "query": {
    "page": "1",
    "limit": "10"
  }
}
2025-11-03 11:53:30:5330 [info]: Fetching all services
{
  "operation": "getAllServices",
  "page": 1,
  "limit": 10
}
2025-11-03 11:53:30:5330 [info]: Fetching all services
{
  "operation": "getAllServices",
  "data": {
    "page": 1,
    "limit": 10,
    "hasSearch": false
  }
}
2025-11-03 11:53:30:5330 [debug]: Fetching all services with pagination
{
  "operation": "getAllServices",
  "data": {
    "page": 1,
    "limit": 10,
    "hasSearch": false
  },
  "skip": 0,
  "limit": 10
}
2025-11-03 11:53:30:5330 [debug]: Services retrieved from repository
{
  "operation": "getAllServices",
  "data": {
    "page": 1,
    "limit": 10,
    "hasSearch": false
  },
  "servicesCount": 6,
  "totalCount": 6
}
2025-11-03 11:53:30:5330 [info]: All services retrieved successfully
{
  "operation": "getAllServices",
  "data": {
    "page": 1,
    "limit": 10,
    "hasSearch": false
  },
  "totalServices": 6,
  "returnedServices": 6
}
2025-11-03 11:53:30:5330 [info]: All services retrieved successfully
{
  "operation": "getAllServices",
  "page": 1,
  "limit": 10,
  "totalServices": 6
}
2025-11-03 11:53:30:5330 [http]: ::1 - - [03/Nov/2025:06:23:30 +0000] "GET /api/admin/services?page=1&limit=10 HTTP/1.1" 200 4953 "http://localhost:5173/" "Mozilla/5.0 (Windows NT 10.0; Win64; x64) AppleWebKit/537.36 (KHTML, like Gecko) Chrome/141.0.0.0 Safari/537.36"
2025-11-03 11:53:30:5330 [http]: Request completed
{
  "method": "GET",
  "url": "/?page=1&limit=10",
  "statusCode": 200,
  "duration": "178ms",
  "contentLength": "4953"
}
2025-11-03 11:53:30:5330 [debug]: Services retrieved from repository
{
  "operation": "getAllServices",
  "data": {
    "page": 1,
    "limit": 10,
    "hasSearch": false
  },
  "servicesCount": 6,
  "totalCount": 6
}
2025-11-03 11:53:30:5330 [info]: All services retrieved successfully
{
  "operation": "getAllServices",
  "data": {
    "page": 1,
    "limit": 10,
    "hasSearch": false
  },
  "totalServices": 6,
  "returnedServices": 6
}
2025-11-03 11:53:30:5330 [info]: All services retrieved successfully
{
  "operation": "getAllServices",
  "page": 1,
  "limit": 10,
  "totalServices": 6
}
2025-11-03 11:53:30:5330 [http]: ::1 - - [03/Nov/2025:06:23:30 +0000] "GET /api/admin/services?page=1&limit=10 HTTP/1.1" 200 4953 "http://localhost:5173/" "Mozilla/5.0 (Windows NT 10.0; Win64; x64) AppleWebKit/537.36 (KHTML, like Gecko) Chrome/141.0.0.0 Safari/537.36"
2025-11-03 11:53:30:5330 [http]: Request completed
{
  "method": "GET",
  "url": "/?page=1&limit=10",
  "statusCode": 200,
  "duration": "181ms",
  "contentLength": "4953"
}
2025-11-03 11:53:30:5330 [debug]: Services retrieved from repository
{
  "operation": "getAllServices",
  "data": {
    "page": 1,
    "limit": 10,
    "hasSearch": false
  },
  "servicesCount": 6,
  "totalCount": 6
}
2025-11-03 11:53:30:5330 [info]: All services retrieved successfully
{
  "operation": "getAllServices",
  "data": {
    "page": 1,
    "limit": 10,
    "hasSearch": false
  },
  "totalServices": 6,
  "returnedServices": 6
}
2025-11-03 11:53:30:5330 [info]: All services retrieved successfully
{
  "operation": "getAllServices",
  "page": 1,
  "limit": 10,
  "totalServices": 6
}
2025-11-03 11:53:30:5330 [http]: ::1 - - [03/Nov/2025:06:23:30 +0000] "GET /api/admin/services?page=1&limit=10 HTTP/1.1" 200 4953 "http://localhost:5173/" "Mozilla/5.0 (Windows NT 10.0; Win64; x64) AppleWebKit/537.36 (KHTML, like Gecko) Chrome/141.0.0.0 Safari/537.36"
2025-11-03 11:53:30:5330 [http]: Request completed
{
  "method": "GET",
  "url": "/?page=1&limit=10",
  "statusCode": 200,
  "duration": "179ms",
  "contentLength": "4953"
}
2025-11-03 11:53:30:5330 [debug]: Services retrieved from repository
{
  "operation": "getAllServices",
  "data": {
    "page": 1,
    "limit": 10,
    "hasSearch": false
  },
  "servicesCount": 6,
  "totalCount": 6
}
2025-11-03 11:53:30:5330 [info]: All services retrieved successfully
{
  "operation": "getAllServices",
  "data": {
    "page": 1,
    "limit": 10,
    "hasSearch": false
  },
  "totalServices": 6,
  "returnedServices": 6
}
2025-11-03 11:53:30:5330 [info]: All services retrieved successfully
{
  "operation": "getAllServices",
  "page": 1,
  "limit": 10,
  "totalServices": 6
}
2025-11-03 11:53:30:5330 [http]: ::1 - - [03/Nov/2025:06:23:30 +0000] "GET /api/admin/services?page=1&limit=10 HTTP/1.1" 200 4953 "http://localhost:5173/" "Mozilla/5.0 (Windows NT 10.0; Win64; x64) AppleWebKit/537.36 (KHTML, like Gecko) Chrome/141.0.0.0 Safari/537.36"
2025-11-03 11:53:30:5330 [http]: Request completed
{
  "method": "GET",
  "url": "/?page=1&limit=10",
  "statusCode": 200,
  "duration": "185ms",
  "contentLength": "4953"
}
2025-11-03 11:53:30:5330 [http]: Incoming request
{
  "method": "OPTIONS",
  "url": "/api/admin/categories?page=1&limit=50",
  "ip": "::1",
  "userAgent": "Mozilla/5.0 (Windows NT 10.0; Win64; x64) AppleWebKit/537.36 (KHTML, like Gecko) Chrome/141.0.0.0 Safari/537.36",
  "query": {
    "page": "1",
    "limit": "50"
  }
}
2025-11-03 11:53:30:5330 [http]: ::1 - - [03/Nov/2025:06:23:30 +0000] "OPTIONS /api/admin/categories?page=1&limit=50 HTTP/1.1" 204 0 "http://localhost:5173/" "Mozilla/5.0 (Windows NT 10.0; Win64; x64) AppleWebKit/537.36 (KHTML, like Gecko) Chrome/141.0.0.0 Safari/537.36"
2025-11-03 11:53:30:5330 [http]: Request completed
{
  "method": "OPTIONS",
  "url": "/api/admin/categories?page=1&limit=50",
  "statusCode": 204,
  "duration": "13ms",
  "contentLength": "0"
}
2025-11-03 11:53:30:5330 [http]: Incoming request
{
  "method": "GET",
  "url": "/api/admin/categories?page=1&limit=50",
  "ip": "::1",
  "userAgent": "Mozilla/5.0 (Windows NT 10.0; Win64; x64) AppleWebKit/537.36 (KHTML, like Gecko) Chrome/141.0.0.0 Safari/537.36",
  "query": {
    "page": "1",
    "limit": "50"
  }
}
2025-11-03 11:53:30:5330 [info]: Fetching all categories
{
  "operation": "getAllCategories",
  "page": 1,
  "limit": 50
}
2025-11-03 11:53:30:5330 [info]: Fetching all categories
{
  "operation": "getAllCategories",
  "data": {
    "page": 1,
    "limit": 50,
    "hasSearch": false
  }
}
2025-11-03 11:53:30:5330 [debug]: Fetching all categories with pagination
{
  "operation": "getAllCategories",
  "data": {
    "page": 1,
    "limit": 50,
    "hasSearch": false
  },
  "skip": 0,
  "limit": 50
}
2025-11-03 11:53:30:5330 [debug]: Categories retrieved from repository
{
  "operation": "getAllCategories",
  "data": {
    "page": 1,
    "limit": 50,
    "hasSearch": false
  },
  "categoriesCount": 1,
  "totalCount": 1
}
2025-11-03 11:53:30:5330 [debug]: Counting services for each category
{
  "operation": "getAllCategories",
  "data": {
    "page": 1,
    "limit": 50,
    "hasSearch": false
  },
  "categoriesToProcess": 1
}
2025-11-03 11:53:30:5330 [http]: Incoming request
{
  "method": "OPTIONS",
  "url": "/api/admin/categories?page=1&limit=50",
  "ip": "::1",
  "userAgent": "Mozilla/5.0 (Windows NT 10.0; Win64; x64) AppleWebKit/537.36 (KHTML, like Gecko) Chrome/141.0.0.0 Safari/537.36",
  "query": {
    "page": "1",
    "limit": "50"
  }
}
2025-11-03 11:53:30:5330 [http]: ::1 - - [03/Nov/2025:06:23:30 +0000] "OPTIONS /api/admin/categories?page=1&limit=50 HTTP/1.1" 204 0 "http://localhost:5173/" "Mozilla/5.0 (Windows NT 10.0; Win64; x64) AppleWebKit/537.36 (KHTML, like Gecko) Chrome/141.0.0.0 Safari/537.36"
2025-11-03 11:53:30:5330 [http]: Request completed
{
  "method": "OPTIONS",
  "url": "/api/admin/categories?page=1&limit=50",
  "statusCode": 204,
  "duration": "19ms",
  "contentLength": "0"
}
2025-11-03 11:53:30:5330 [http]: Incoming request
{
  "method": "GET",
  "url": "/api/admin/categories?page=1&limit=50",
  "ip": "::1",
  "userAgent": "Mozilla/5.0 (Windows NT 10.0; Win64; x64) AppleWebKit/537.36 (KHTML, like Gecko) Chrome/141.0.0.0 Safari/537.36",
  "query": {
    "page": "1",
    "limit": "50"
  }
}
2025-11-03 11:53:30:5330 [info]: Fetching all categories
{
  "operation": "getAllCategories",
  "page": 1,
  "limit": 50
}
2025-11-03 11:53:30:5330 [info]: Fetching all categories
{
  "operation": "getAllCategories",
  "data": {
    "page": 1,
    "limit": 50,
    "hasSearch": false
  }
}
2025-11-03 11:53:30:5330 [debug]: Fetching all categories with pagination
{
  "operation": "getAllCategories",
  "data": {
    "page": 1,
    "limit": 50,
    "hasSearch": false
  },
  "skip": 0,
  "limit": 50
}
2025-11-03 11:53:30:5330 [http]: Incoming request
{
  "method": "OPTIONS",
  "url": "/api/admin/categories?page=1&limit=50",
  "ip": "::1",
  "userAgent": "Mozilla/5.0 (Windows NT 10.0; Win64; x64) AppleWebKit/537.36 (KHTML, like Gecko) Chrome/141.0.0.0 Safari/537.36",
  "query": {
    "page": "1",
    "limit": "50"
  }
}
2025-11-03 11:53:30:5330 [http]: ::1 - - [03/Nov/2025:06:23:30 +0000] "OPTIONS /api/admin/categories?page=1&limit=50 HTTP/1.1" 204 0 "http://localhost:5173/" "Mozilla/5.0 (Windows NT 10.0; Win64; x64) AppleWebKit/537.36 (KHTML, like Gecko) Chrome/141.0.0.0 Safari/537.36"
2025-11-03 11:53:30:5330 [http]: Request completed
{
  "method": "OPTIONS",
  "url": "/api/admin/categories?page=1&limit=50",
  "statusCode": 204,
  "duration": "7ms",
  "contentLength": "0"
}
2025-11-03 11:53:30:5330 [http]: Incoming request
{
  "method": "OPTIONS",
  "url": "/api/admin/categories?page=1&limit=50",
  "ip": "::1",
  "userAgent": "Mozilla/5.0 (Windows NT 10.0; Win64; x64) AppleWebKit/537.36 (KHTML, like Gecko) Chrome/141.0.0.0 Safari/537.36",
  "query": {
    "page": "1",
    "limit": "50"
  }
}
2025-11-03 11:53:30:5330 [http]: ::1 - - [03/Nov/2025:06:23:30 +0000] "OPTIONS /api/admin/categories?page=1&limit=50 HTTP/1.1" 204 0 "http://localhost:5173/" "Mozilla/5.0 (Windows NT 10.0; Win64; x64) AppleWebKit/537.36 (KHTML, like Gecko) Chrome/141.0.0.0 Safari/537.36"
2025-11-03 11:53:30:5330 [http]: Request completed
{
  "method": "OPTIONS",
  "url": "/api/admin/categories?page=1&limit=50",
  "statusCode": 204,
  "duration": "2ms",
  "contentLength": "0"
}
2025-11-03 11:53:30:5330 [http]: Incoming request
{
  "method": "GET",
  "url": "/api/admin/categories?page=1&limit=50",
  "ip": "::1",
  "userAgent": "Mozilla/5.0 (Windows NT 10.0; Win64; x64) AppleWebKit/537.36 (KHTML, like Gecko) Chrome/141.0.0.0 Safari/537.36",
  "query": {
    "page": "1",
    "limit": "50"
  }
}
2025-11-03 11:53:30:5330 [info]: Fetching all categories
{
  "operation": "getAllCategories",
  "page": 1,
  "limit": 50
}
2025-11-03 11:53:30:5330 [info]: Fetching all categories
{
  "operation": "getAllCategories",
  "data": {
    "page": 1,
    "limit": 50,
    "hasSearch": false
  }
}
2025-11-03 11:53:30:5330 [debug]: Fetching all categories with pagination
{
  "operation": "getAllCategories",
  "data": {
    "page": 1,
    "limit": 50,
    "hasSearch": false
  },
  "skip": 0,
  "limit": 50
}
2025-11-03 11:53:30:5330 [http]: Incoming request
{
  "method": "GET",
  "url": "/api/admin/categories?page=1&limit=50",
  "ip": "::1",
  "userAgent": "Mozilla/5.0 (Windows NT 10.0; Win64; x64) AppleWebKit/537.36 (KHTML, like Gecko) Chrome/141.0.0.0 Safari/537.36",
  "query": {
    "page": "1",
    "limit": "50"
  }
}
2025-11-03 11:53:30:5330 [info]: Fetching all categories
{
  "operation": "getAllCategories",
  "page": 1,
  "limit": 50
}
2025-11-03 11:53:30:5330 [info]: Fetching all categories
{
  "operation": "getAllCategories",
  "data": {
    "page": 1,
    "limit": 50,
    "hasSearch": false
  }
}
2025-11-03 11:53:30:5330 [debug]: Fetching all categories with pagination
{
  "operation": "getAllCategories",
  "data": {
    "page": 1,
    "limit": 50,
    "hasSearch": false
  },
  "skip": 0,
  "limit": 50
}
2025-11-03 11:53:30:5330 [debug]: Service counts calculated for all categories
{
  "operation": "getAllCategories",
  "data": {
    "page": 1,
    "limit": 50,
    "hasSearch": false
  },
  "processedCategories": 1
}
2025-11-03 11:53:30:5330 [info]: All categories retrieved successfully
{
  "operation": "getAllCategories",
  "data": {
    "page": 1,
    "limit": 50,
    "hasSearch": false
  },
  "totalCategories": 1,
  "returnedCategories": 1
}
2025-11-03 11:53:30:5330 [info]: Categories retrieved successfully
{
  "operation": "getAllCategories",
  "page": 1,
  "limit": 50,
  "totalCategories": 1
}
2025-11-03 11:53:30:5330 [http]: ::1 - - [03/Nov/2025:06:23:30 +0000] "GET /api/admin/categories?page=1&limit=50 HTTP/1.1" 200 466 "http://localhost:5173/" "Mozilla/5.0 (Windows NT 10.0; Win64; x64) AppleWebKit/537.36 (KHTML, like Gecko) Chrome/141.0.0.0 Safari/537.36"
2025-11-03 11:53:30:5330 [http]: Request completed
{
  "method": "GET",
  "url": "/?page=1&limit=50",
  "statusCode": 200,
  "duration": "179ms",
  "contentLength": "466"
}
2025-11-03 11:53:30:5330 [debug]: Categories retrieved from repository
{
  "operation": "getAllCategories",
  "data": {
    "page": 1,
    "limit": 50,
    "hasSearch": false
  },
  "categoriesCount": 1,
  "totalCount": 1
}
2025-11-03 11:53:30:5330 [debug]: Counting services for each category
{
  "operation": "getAllCategories",
  "data": {
    "page": 1,
    "limit": 50,
    "hasSearch": false
  },
  "categoriesToProcess": 1
}
2025-11-03 11:53:30:5330 [debug]: Categories retrieved from repository
{
  "operation": "getAllCategories",
  "data": {
    "page": 1,
    "limit": 50,
    "hasSearch": false
  },
  "categoriesCount": 1,
  "totalCount": 1
}
2025-11-03 11:53:30:5330 [debug]: Counting services for each category
{
  "operation": "getAllCategories",
  "data": {
    "page": 1,
    "limit": 50,
    "hasSearch": false
  },
  "categoriesToProcess": 1
}
2025-11-03 11:53:30:5330 [debug]: Categories retrieved from repository
{
  "operation": "getAllCategories",
  "data": {
    "page": 1,
    "limit": 50,
    "hasSearch": false
  },
  "categoriesCount": 1,
  "totalCount": 1
}
2025-11-03 11:53:30:5330 [debug]: Counting services for each category
{
  "operation": "getAllCategories",
  "data": {
    "page": 1,
    "limit": 50,
    "hasSearch": false
  },
  "categoriesToProcess": 1
}
2025-11-03 11:53:30:5330 [debug]: Service counts calculated for all categories
{
  "operation": "getAllCategories",
  "data": {
    "page": 1,
    "limit": 50,
    "hasSearch": false
  },
  "processedCategories": 1
}
2025-11-03 11:53:30:5330 [info]: All categories retrieved successfully
{
  "operation": "getAllCategories",
  "data": {
    "page": 1,
    "limit": 50,
    "hasSearch": false
  },
  "totalCategories": 1,
  "returnedCategories": 1
}
2025-11-03 11:53:30:5330 [info]: Categories retrieved successfully
{
  "operation": "getAllCategories",
  "page": 1,
  "limit": 50,
  "totalCategories": 1
}
2025-11-03 11:53:30:5330 [http]: ::1 - - [03/Nov/2025:06:23:30 +0000] "GET /api/admin/categories?page=1&limit=50 HTTP/1.1" 200 466 "http://localhost:5173/" "Mozilla/5.0 (Windows NT 10.0; Win64; x64) AppleWebKit/537.36 (KHTML, like Gecko) Chrome/141.0.0.0 Safari/537.36"
2025-11-03 11:53:30:5330 [http]: Request completed
{
  "method": "GET",
  "url": "/?page=1&limit=50",
  "statusCode": 200,
  "duration": "164ms",
  "contentLength": "466"
}
2025-11-03 11:53:30:5330 [debug]: Service counts calculated for all categories
{
  "operation": "getAllCategories",
  "data": {
    "page": 1,
    "limit": 50,
    "hasSearch": false
  },
  "processedCategories": 1
}
2025-11-03 11:53:30:5330 [info]: All categories retrieved successfully
{
  "operation": "getAllCategories",
  "data": {
    "page": 1,
    "limit": 50,
    "hasSearch": false
  },
  "totalCategories": 1,
  "returnedCategories": 1
}
2025-11-03 11:53:30:5330 [info]: Categories retrieved successfully
{
  "operation": "getAllCategories",
  "page": 1,
  "limit": 50,
  "totalCategories": 1
}
2025-11-03 11:53:30:5330 [http]: ::1 - - [03/Nov/2025:06:23:30 +0000] "GET /api/admin/categories?page=1&limit=50 HTTP/1.1" 200 466 "http://localhost:5173/" "Mozilla/5.0 (Windows NT 10.0; Win64; x64) AppleWebKit/537.36 (KHTML, like Gecko) Chrome/141.0.0.0 Safari/537.36"
2025-11-03 11:53:30:5330 [http]: Request completed
{
  "method": "GET",
  "url": "/?page=1&limit=50",
  "statusCode": 200,
  "duration": "152ms",
  "contentLength": "466"
}
2025-11-03 11:53:30:5330 [debug]: Service counts calculated for all categories
{
  "operation": "getAllCategories",
  "data": {
    "page": 1,
    "limit": 50,
    "hasSearch": false
  },
  "processedCategories": 1
}
2025-11-03 11:53:30:5330 [info]: All categories retrieved successfully
{
  "operation": "getAllCategories",
  "data": {
    "page": 1,
    "limit": 50,
    "hasSearch": false
  },
  "totalCategories": 1,
  "returnedCategories": 1
}
2025-11-03 11:53:30:5330 [info]: Categories retrieved successfully
{
  "operation": "getAllCategories",
  "page": 1,
  "limit": 50,
  "totalCategories": 1
}
2025-11-03 11:53:30:5330 [http]: ::1 - - [03/Nov/2025:06:23:30 +0000] "GET /api/admin/categories?page=1&limit=50 HTTP/1.1" 200 466 "http://localhost:5173/" "Mozilla/5.0 (Windows NT 10.0; Win64; x64) AppleWebKit/537.36 (KHTML, like Gecko) Chrome/141.0.0.0 Safari/537.36"
2025-11-03 11:53:30:5330 [http]: Request completed
{
  "method": "GET",
  "url": "/?page=1&limit=50",
  "statusCode": 200,
  "duration": "158ms",
  "contentLength": "466"
}
2025-11-03 11:53:59:5359 [http]: Incoming request
{
  "method": "OPTIONS",
  "url": "/api/admin/services/slug/ac-installation",
  "ip": "::1",
  "userAgent": "Mozilla/5.0 (Windows NT 10.0; Win64; x64) AppleWebKit/537.36 (KHTML, like Gecko) Chrome/141.0.0.0 Safari/537.36",
  "query": {}
}
2025-11-03 11:53:59:5359 [http]: ::1 - - [03/Nov/2025:06:23:59 +0000] "OPTIONS /api/admin/services/slug/ac-installation HTTP/1.1" 204 0 "http://localhost:5173/" "Mozilla/5.0 (Windows NT 10.0; Win64; x64) AppleWebKit/537.36 (KHTML, like Gecko) Chrome/141.0.0.0 Safari/537.36"
2025-11-03 11:53:59:5359 [http]: Request completed
{
  "method": "OPTIONS",
  "url": "/api/admin/services/slug/ac-installation",
  "statusCode": 204,
  "duration": "3ms",
  "contentLength": "0"
}
2025-11-03 11:53:59:5359 [http]: Incoming request
{
  "method": "GET",
  "url": "/api/admin/services/slug/ac-installation",
  "ip": "::1",
  "userAgent": "Mozilla/5.0 (Windows NT 10.0; Win64; x64) AppleWebKit/537.36 (KHTML, like Gecko) Chrome/141.0.0.0 Safari/537.36",
  "query": {}
}
2025-11-03 11:53:59:5359 [info]: Fetching service by slug
{
  "operation": "getServiceBySlug",
  "slug": "ac-installation"
}
2025-11-03 11:53:59:5359 [info]: Fetching service by slug
{
  "operation": "getServiceBySlug",
  "data": {
    "slug": "ac-installation"
  }
}
2025-11-03 11:53:59:5359 [http]: Incoming request
{
  "method": "OPTIONS",
  "url": "/api/admin/services/slug/ac-installation",
  "ip": "::1",
  "userAgent": "Mozilla/5.0 (Windows NT 10.0; Win64; x64) AppleWebKit/537.36 (KHTML, like Gecko) Chrome/141.0.0.0 Safari/537.36",
  "query": {}
}
2025-11-03 11:53:59:5359 [http]: ::1 - - [03/Nov/2025:06:23:59 +0000] "OPTIONS /api/admin/services/slug/ac-installation HTTP/1.1" 204 0 "http://localhost:5173/" "Mozilla/5.0 (Windows NT 10.0; Win64; x64) AppleWebKit/537.36 (KHTML, like Gecko) Chrome/141.0.0.0 Safari/537.36"
2025-11-03 11:53:59:5359 [http]: Request completed
{
  "method": "OPTIONS",
  "url": "/api/admin/services/slug/ac-installation",
  "statusCode": 204,
  "duration": "5ms",
  "contentLength": "0"
}
2025-11-03 11:53:59:5359 [http]: Incoming request
{
  "method": "GET",
  "url": "/api/admin/services/slug/ac-installation",
  "ip": "::1",
  "userAgent": "Mozilla/5.0 (Windows NT 10.0; Win64; x64) AppleWebKit/537.36 (KHTML, like Gecko) Chrome/141.0.0.0 Safari/537.36",
  "query": {}
}
2025-11-03 11:53:59:5359 [info]: Fetching service by slug
{
  "operation": "getServiceBySlug",
  "slug": "ac-installation"
}
2025-11-03 11:53:59:5359 [info]: Fetching service by slug
{
  "operation": "getServiceBySlug",
  "data": {
    "slug": "ac-installation"
  }
}
2025-11-03 11:53:59:5359 [info]: Service retrieved successfully by slug
{
  "operation": "getServiceBySlug",
  "data": {
    "slug": "ac-installation"
  },
  "serviceId": "6900a029876a8fab383790c8",
  "serviceName": "AC Installation"
}
2025-11-03 11:53:59:5359 [info]: Service retrieved by slug successfully
{
  "operation": "getServiceBySlug",
  "slug": "ac-installation",
  "serviceId": "6900a029876a8fab383790c8",
  "serviceName": "AC Installation"
}
2025-11-03 11:53:59:5359 [http]: ::1 - - [03/Nov/2025:06:23:59 +0000] "GET /api/admin/services/slug/ac-installation HTTP/1.1" 200 944 "http://localhost:5173/" "Mozilla/5.0 (Windows NT 10.0; Win64; x64) AppleWebKit/537.36 (KHTML, like Gecko) Chrome/141.0.0.0 Safari/537.36"
2025-11-03 11:53:59:5359 [http]: Request completed
{
  "method": "GET",
  "url": "/slug/ac-installation",
  "statusCode": 200,
  "duration": "58ms",
  "contentLength": "944"
}
2025-11-03 11:53:59:5359 [info]: Service retrieved successfully by slug
{
  "operation": "getServiceBySlug",
  "data": {
    "slug": "ac-installation"
  },
  "serviceId": "6900a029876a8fab383790c8",
  "serviceName": "AC Installation"
}
2025-11-03 11:53:59:5359 [info]: Service retrieved by slug successfully
{
  "operation": "getServiceBySlug",
  "slug": "ac-installation",
  "serviceId": "6900a029876a8fab383790c8",
  "serviceName": "AC Installation"
}
2025-11-03 11:53:59:5359 [http]: ::1 - - [03/Nov/2025:06:23:59 +0000] "GET /api/admin/services/slug/ac-installation HTTP/1.1" 200 944 "http://localhost:5173/" "Mozilla/5.0 (Windows NT 10.0; Win64; x64) AppleWebKit/537.36 (KHTML, like Gecko) Chrome/141.0.0.0 Safari/537.36"
2025-11-03 11:53:59:5359 [http]: Request completed
{
  "method": "GET",
  "url": "/slug/ac-installation",
  "statusCode": 200,
  "duration": "99ms",
  "contentLength": "944"
}
2025-11-03 11:53:59:5359 [http]: Incoming request
{
  "method": "OPTIONS",
  "url": "/api/user/location",
  "ip": "::1",
  "userAgent": "Mozilla/5.0 (Windows NT 10.0; Win64; x64) AppleWebKit/537.36 (KHTML, like Gecko) Chrome/141.0.0.0 Safari/537.36",
  "query": {}
}
2025-11-03 11:53:59:5359 [http]: ::1 - - [03/Nov/2025:06:23:59 +0000] "OPTIONS /api/user/location HTTP/1.1" 204 0 "http://localhost:5173/" "Mozilla/5.0 (Windows NT 10.0; Win64; x64) AppleWebKit/537.36 (KHTML, like Gecko) Chrome/141.0.0.0 Safari/537.36"
2025-11-03 11:53:59:5359 [http]: Request completed
{
  "method": "OPTIONS",
  "url": "/api/user/location",
  "statusCode": 204,
  "duration": "3ms",
  "contentLength": "0"
}
2025-11-03 11:53:59:5359 [http]: Incoming request
{
  "method": "GET",
  "url": "/api/user/location",
  "ip": "::1",
  "userAgent": "Mozilla/5.0 (Windows NT 10.0; Win64; x64) AppleWebKit/537.36 (KHTML, like Gecko) Chrome/141.0.0.0 Safari/537.36",
  "query": {}
}
2025-11-03 11:53:59:5359 [http]: Incoming request
{
  "method": "OPTIONS",
  "url": "/api/admin/technicians/public?service=AC+Installation&page=1&limit=6",
  "ip": "::1",
  "userAgent": "Mozilla/5.0 (Windows NT 10.0; Win64; x64) AppleWebKit/537.36 (KHTML, like Gecko) Chrome/141.0.0.0 Safari/537.36",
  "query": {
    "service": "AC Installation",
    "page": "1",
    "limit": "6"
  }
}
2025-11-03 11:53:59:5359 [http]: ::1 - - [03/Nov/2025:06:23:59 +0000] "OPTIONS /api/admin/technicians/public?service=AC+Installation&page=1&limit=6 HTTP/1.1" 204 0 "http://localhost:5173/" "Mozilla/5.0 (Windows NT 10.0; Win64; x64) AppleWebKit/537.36 (KHTML, like Gecko) Chrome/141.0.0.0 Safari/537.36"
2025-11-03 11:53:59:5359 [http]: Request completed
{
  "method": "OPTIONS",
  "url": "/api/admin/technicians/public?service=AC+Installation&page=1&limit=6",
  "statusCode": 204,
  "duration": "5ms",
  "contentLength": "0"
}
2025-11-03 11:53:59:5359 [http]: Incoming request
{
  "method": "GET",
  "url": "/api/admin/technicians/public?service=AC+Installation&page=1&limit=6",
  "ip": "::1",
  "userAgent": "Mozilla/5.0 (Windows NT 10.0; Win64; x64) AppleWebKit/537.36 (KHTML, like Gecko) Chrome/141.0.0.0 Safari/537.36",
  "query": {
    "service": "AC Installation",
    "page": "1",
    "limit": "6"
  }
}
2025-11-03 11:53:59:5359 [info]: Fetching public technicians
{
  "operation": "getPublicTechnicians",
  "serviceFilter": "AC Installation"
}
2025-11-03 11:53:59:5359 [debug]: Calling service to get public technicians
{
  "operation": "getPublicTechnicians",
  "serviceFilter": "AC Installation",
  "filters": {
    "status": "approved",
    "service": "AC Installation"
  }
}
2025-11-03 11:53:59:5359 [info]: fetching public technicians
{
  "operation": "getPublicTechnicians",
  "filters": {
    "status": "approved",
    "service": "AC Installation"
  }
}
2025-11-03 11:53:59:5359 [http]: Incoming request
{
  "method": "OPTIONS",
  "url": "/api/user/location",
  "ip": "::1",
  "userAgent": "Mozilla/5.0 (Windows NT 10.0; Win64; x64) AppleWebKit/537.36 (KHTML, like Gecko) Chrome/141.0.0.0 Safari/537.36",
  "query": {}
}
2025-11-03 11:53:59:5359 [http]: ::1 - - [03/Nov/2025:06:23:59 +0000] "OPTIONS /api/user/location HTTP/1.1" 204 0 "http://localhost:5173/" "Mozilla/5.0 (Windows NT 10.0; Win64; x64) AppleWebKit/537.36 (KHTML, like Gecko) Chrome/141.0.0.0 Safari/537.36"
2025-11-03 11:53:59:5359 [http]: Request completed
{
  "method": "OPTIONS",
  "url": "/api/user/location",
  "statusCode": 204,
  "duration": "3ms",
  "contentLength": "0"
}
2025-11-03 11:53:59:5359 [http]: Incoming request
{
  "method": "GET",
  "url": "/api/user/location",
  "ip": "::1",
  "userAgent": "Mozilla/5.0 (Windows NT 10.0; Win64; x64) AppleWebKit/537.36 (KHTML, like Gecko) Chrome/141.0.0.0 Safari/537.36",
  "query": {}
}
2025-11-03 11:53:59:5359 [http]: Incoming request
{
  "method": "OPTIONS",
  "url": "/api/admin/technicians/public?service=AC+Installation&page=1&limit=6",
  "ip": "::1",
  "userAgent": "Mozilla/5.0 (Windows NT 10.0; Win64; x64) AppleWebKit/537.36 (KHTML, like Gecko) Chrome/141.0.0.0 Safari/537.36",
  "query": {
    "service": "AC Installation",
    "page": "1",
    "limit": "6"
  }
}
2025-11-03 11:53:59:5359 [http]: ::1 - - [03/Nov/2025:06:23:59 +0000] "OPTIONS /api/admin/technicians/public?service=AC+Installation&page=1&limit=6 HTTP/1.1" 204 0 "http://localhost:5173/" "Mozilla/5.0 (Windows NT 10.0; Win64; x64) AppleWebKit/537.36 (KHTML, like Gecko) Chrome/141.0.0.0 Safari/537.36"
2025-11-03 11:53:59:5359 [http]: Request completed
{
  "method": "OPTIONS",
  "url": "/api/admin/technicians/public?service=AC+Installation&page=1&limit=6",
  "statusCode": 204,
  "duration": "64ms",
  "contentLength": "0"
}
2025-11-03 11:53:59:5359 [info]: Fetching user location
{
  "operation": "getUserLocation",
  "userId": "69084a5f27f3d49e658e002c"
}
2025-11-03 11:53:59:5359 [info]: Updating user location
{
  "operation": "getUserLocation",
  "userId": "69084a5f27f3d49e658e002c"
}
2025-11-03 11:53:59:5359 [http]: Incoming request
{
  "method": "GET",
  "url": "/api/admin/technicians/public?service=AC+Installation&page=1&limit=6",
  "ip": "::1",
  "userAgent": "Mozilla/5.0 (Windows NT 10.0; Win64; x64) AppleWebKit/537.36 (KHTML, like Gecko) Chrome/141.0.0.0 Safari/537.36",
  "query": {
    "service": "AC Installation",
    "page": "1",
    "limit": "6"
  }
}
2025-11-03 11:53:59:5359 [info]: Fetching public technicians
{
  "operation": "getPublicTechnicians",
  "serviceFilter": "AC Installation"
}
2025-11-03 11:53:59:5359 [debug]: Calling service to get public technicians
{
  "operation": "getPublicTechnicians",
  "serviceFilter": "AC Installation",
  "filters": {
    "status": "approved",
    "service": "AC Installation"
  }
}
2025-11-03 11:53:59:5359 [info]: fetching public technicians
{
  "operation": "getPublicTechnicians",
  "filters": {
    "status": "approved",
    "service": "AC Installation"
  }
}
2025-11-03 11:53:59:5359 [info]: Fetching user location
{
  "operation": "getUserLocation",
  "userId": "69084a5f27f3d49e658e002c"
}
2025-11-03 11:53:59:5359 [info]: Updating user location
{
  "operation": "getUserLocation",
  "userId": "69084a5f27f3d49e658e002c"
}
2025-11-03 11:53:59:5359 [warn]: Location not found
{
  "operation": "getUserLocation",
  "userId": "69084a5f27f3d49e658e002c",
  "userLocation": null
}
2025-11-03 11:53:59:5359 [warn]: Get location service returned failure
{
  "operation": "getUserLocation",
  "userId": "69084a5f27f3d49e658e002c"
}
2025-11-03 11:53:59:5359 [http]: ::1 - - [03/Nov/2025:06:23:59 +0000] "GET /api/user/location HTTP/1.1" 404 46 "http://localhost:5173/" "Mozilla/5.0 (Windows NT 10.0; Win64; x64) AppleWebKit/537.36 (KHTML, like Gecko) Chrome/141.0.0.0 Safari/537.36"
2025-11-03 11:53:59:5359 [http]: Request completed
{
  "method": "GET",
  "url": "/location",
  "statusCode": 404,
  "duration": "348ms",
  "contentLength": "46"
}
2025-11-03 11:53:59:5359 [http]: Incoming request
{
  "method": "OPTIONS",
  "url": "/api/admin/technicians/public?service=AC+Installation&page=1&limit=6",
  "ip": "::1",
  "userAgent": "Mozilla/5.0 (Windows NT 10.0; Win64; x64) AppleWebKit/537.36 (KHTML, like Gecko) Chrome/141.0.0.0 Safari/537.36",
  "query": {
    "service": "AC Installation",
    "page": "1",
    "limit": "6"
  }
}
2025-11-03 11:53:59:5359 [http]: ::1 - - [03/Nov/2025:06:23:59 +0000] "OPTIONS /api/admin/technicians/public?service=AC+Installation&page=1&limit=6 HTTP/1.1" 204 0 "http://localhost:5173/" "Mozilla/5.0 (Windows NT 10.0; Win64; x64) AppleWebKit/537.36 (KHTML, like Gecko) Chrome/141.0.0.0 Safari/537.36"
2025-11-03 11:53:59:5359 [http]: Request completed
{
  "method": "OPTIONS",
  "url": "/api/admin/technicians/public?service=AC+Installation&page=1&limit=6",
  "statusCode": 204,
  "duration": "11ms",
  "contentLength": "0"
}
2025-11-03 11:53:59:5359 [info]: Get public technicians with pagination
{
  "operation": "getPublicTechnicians",
  "filters": {
    "status": "approved",
    "services": {
      "$in": [
        "AC Installation"
      ]
    }
  },
  "skip": 0,
  "limit": 10
}
2025-11-03 11:53:59:5359 [warn]: Location not found
{
  "operation": "getUserLocation",
  "userId": "69084a5f27f3d49e658e002c",
  "userLocation": null
}
2025-11-03 11:53:59:5359 [warn]: Get location service returned failure
{
  "operation": "getUserLocation",
  "userId": "69084a5f27f3d49e658e002c"
}
2025-11-03 11:53:59:5359 [http]: ::1 - - [03/Nov/2025:06:23:59 +0000] "GET /api/user/location HTTP/1.1" 404 46 "http://localhost:5173/" "Mozilla/5.0 (Windows NT 10.0; Win64; x64) AppleWebKit/537.36 (KHTML, like Gecko) Chrome/141.0.0.0 Safari/537.36"
2025-11-03 11:53:59:5359 [http]: Request completed
{
  "method": "GET",
  "url": "/location",
  "statusCode": 404,
  "duration": "415ms",
  "contentLength": "46"
}
2025-11-03 11:53:59:5359 [http]: Incoming request
{
  "method": "GET",
  "url": "/api/admin/technicians/public?service=AC+Installation&page=1&limit=6",
  "ip": "::1",
  "userAgent": "Mozilla/5.0 (Windows NT 10.0; Win64; x64) AppleWebKit/537.36 (KHTML, like Gecko) Chrome/141.0.0.0 Safari/537.36",
  "query": {
    "service": "AC Installation",
    "page": "1",
    "limit": "6"
  }
}
2025-11-03 11:53:59:5359 [info]: Fetching public technicians
{
  "operation": "getPublicTechnicians",
  "serviceFilter": "AC Installation"
}
2025-11-03 11:53:59:5359 [debug]: Calling service to get public technicians
{
  "operation": "getPublicTechnicians",
  "serviceFilter": "AC Installation",
  "filters": {
    "status": "approved",
    "service": "AC Installation"
  }
}
2025-11-03 11:53:59:5359 [info]: fetching public technicians
{
  "operation": "getPublicTechnicians",
  "filters": {
    "status": "approved",
    "service": "AC Installation"
  }
}
2025-11-03 11:53:59:5359 [info]: Get public technicians with pagination
{
  "operation": "getPublicTechnicians",
  "filters": {
    "status": "approved",
    "services": {
      "$in": [
        "AC Installation"
      ]
    }
  },
  "skip": 0,
  "limit": 10
}
2025-11-03 11:53:59:5359 [http]: Incoming request
{
  "method": "OPTIONS",
  "url": "/api/admin/technicians/public?service=AC+Installation&page=1&limit=6",
  "ip": "::1",
  "userAgent": "Mozilla/5.0 (Windows NT 10.0; Win64; x64) AppleWebKit/537.36 (KHTML, like Gecko) Chrome/141.0.0.0 Safari/537.36",
  "query": {
    "service": "AC Installation",
    "page": "1",
    "limit": "6"
  }
}
2025-11-03 11:53:59:5359 [http]: ::1 - - [03/Nov/2025:06:23:59 +0000] "OPTIONS /api/admin/technicians/public?service=AC+Installation&page=1&limit=6 HTTP/1.1" 204 0 "http://localhost:5173/" "Mozilla/5.0 (Windows NT 10.0; Win64; x64) AppleWebKit/537.36 (KHTML, like Gecko) Chrome/141.0.0.0 Safari/537.36"
2025-11-03 11:53:59:5359 [http]: Request completed
{
  "method": "OPTIONS",
  "url": "/api/admin/technicians/public?service=AC+Installation&page=1&limit=6",
  "statusCode": 204,
  "duration": "6ms",
  "contentLength": "0"
}
2025-11-03 11:53:59:5359 [http]: Incoming request
{
  "method": "GET",
  "url": "/api/admin/technicians/public?service=AC+Installation&page=1&limit=6",
  "ip": "::1",
  "userAgent": "Mozilla/5.0 (Windows NT 10.0; Win64; x64) AppleWebKit/537.36 (KHTML, like Gecko) Chrome/141.0.0.0 Safari/537.36",
  "query": {
    "service": "AC Installation",
    "page": "1",
    "limit": "6"
  }
}
2025-11-03 11:53:59:5359 [info]: Fetching public technicians
{
  "operation": "getPublicTechnicians",
  "serviceFilter": "AC Installation"
}
2025-11-03 11:53:59:5359 [debug]: Calling service to get public technicians
{
  "operation": "getPublicTechnicians",
  "serviceFilter": "AC Installation",
  "filters": {
    "status": "approved",
    "service": "AC Installation"
  }
}
2025-11-03 11:53:59:5359 [info]: fetching public technicians
{
  "operation": "getPublicTechnicians",
  "filters": {
    "status": "approved",
    "service": "AC Installation"
  }
}
2025-11-03 11:53:59:5359 [debug]: Converting technician to admin view
{
  "operation": "convertToAdminTechnician",
  "technicianId": "69055e480ffeba2c82b9211a"
}
2025-11-03 11:53:59:5359 [debug]: Converting technician to admin view
{
  "operation": "convertToAdminTechnician",
  "technicianId": "6904c0586d2d8bcb9cc12c47"
}
2025-11-03 11:53:59:5359 [debug]: Converting technician to admin view
{
  "operation": "convertToAdminTechnician",
  "technicianId": "690463000dca810266755c77"
}
2025-11-03 11:53:59:5359 [debug]: Converting technician to admin view
{
  "operation": "convertToAdminTechnician",
  "technicianId": "69055e480ffeba2c82b9211a"
}
2025-11-03 11:53:59:5359 [debug]: Converting technician to admin view
{
  "operation": "convertToAdminTechnician",
  "technicianId": "6904c0586d2d8bcb9cc12c47"
}
2025-11-03 11:53:59:5359 [debug]: Converting technician to admin view
{
  "operation": "convertToAdminTechnician",
  "technicianId": "690463000dca810266755c77"
}
2025-11-03 11:53:59:5359 [info]: Get public technicians with pagination
{
  "operation": "getPublicTechnicians",
  "filters": {
    "status": "approved",
    "services": {
      "$in": [
        "AC Installation"
      ]
    }
  },
  "skip": 0,
  "limit": 10
}
2025-11-03 11:53:59:5359 [info]: Get public technicians with pagination
{
  "operation": "getPublicTechnicians",
  "filters": {
    "status": "approved",
    "services": {
      "$in": [
        "AC Installation"
      ]
    }
  },
  "skip": 0,
  "limit": 10
}
2025-11-03 11:53:59:5359 [debug]: Converting technician to admin view
{
  "operation": "convertToAdminTechnician",
  "technicianId": "69055e480ffeba2c82b9211a"
}
2025-11-03 11:53:59:5359 [debug]: Converting technician to admin view
{
  "operation": "convertToAdminTechnician",
  "technicianId": "6904c0586d2d8bcb9cc12c47"
}
2025-11-03 11:53:59:5359 [debug]: Converting technician to admin view
{
  "operation": "convertToAdminTechnician",
  "technicianId": "690463000dca810266755c77"
}
2025-11-03 11:54:00:540 [debug]: Converting technician to admin view
{
  "operation": "convertToAdminTechnician",
  "technicianId": "69055e480ffeba2c82b9211a"
}
2025-11-03 11:54:00:540 [debug]: Converting technician to admin view
{
  "operation": "convertToAdminTechnician",
  "technicianId": "6904c0586d2d8bcb9cc12c47"
}
2025-11-03 11:54:00:540 [debug]: Converting technician to admin view
{
  "operation": "convertToAdminTechnician",
  "technicianId": "690463000dca810266755c77"
}
2025-11-03 11:54:00:540 [debug]: Successfully converted technician to admin view
{
  "operation": "convertToAdminTechnician",
  "technicianId": "6904c0586d2d8bcb9cc12c47"
}
2025-11-03 11:54:00:540 [debug]: Successfully converted technician to admin view
{
  "operation": "convertToAdminTechnician",
  "technicianId": "690463000dca810266755c77"
}
2025-11-03 11:54:00:540 [debug]: Successfully converted technician to admin view
{
  "operation": "convertToAdminTechnician",
  "technicianId": "69055e480ffeba2c82b9211a"
}
2025-11-03 11:54:00:540 [info]: Tehcnicians retrieved
{
  "operation": "getPublicTechnicians",
  "filters": {
    "status": "approved",
    "service": "AC Installation"
  },
  "technicians": [
    {
      "_id": "69055e480ffeba2c82b9211a",
      "userId": "[object Object]",
      "displayName": "Kiya",
      "email": "kiya@yopmail.com",
      "phone": "8766789997",
      "services": [
        "Refrigerator",
        "AC Installation",
        "AC Repair"
      ],
      "status": "approved",
      "experienceYears": 4,
      "ratingCount": 0,
      "averageRating": 0,
      "totalJobs": 0,
      "completedJobs": 0,
      "createdAt": "2025-11-01T01:11:36.084Z",
      "profilePictureUrl": "https://res.cloudinary.com/dyn2dphv0/image/upload/v1761961446/technician-documents/file_djyk53.jpg",
      "address": {
        "street": "Choorakode",
        "city": "Choorakode",
        "state": "Kerala",
        "pincode": "679337"
      },
      "workAreas": [
        "Kannur",
        "Thiruvananthapuram"
      ],
      "serviceRadiusKm": 15
    },
    {
      "_id": "6904c0586d2d8bcb9cc12c47",
      "userId": "[object Object]",
      "displayName": "Jacob",
      "email": "jacob@yopmail.com",
      "phone": "8766789997",
      "services": [
        "AC Repair",
        "AC Installation"
      ],
      "status": "approved",
      "experienceYears": 2,
      "ratingCount": 0,
      "averageRating": 0,
      "totalJobs": 0,
      "completedJobs": 0,
      "createdAt": "2025-10-31T13:57:44.407Z",
      "profilePictureUrl": "https://res.cloudinary.com/dyn2dphv0/image/upload/v1761919058/technician-documents/file_zuebsl.jpg",
      "address": {
        "street": "Kaivelikkal Kanthapalli Road",
        "city": "Panoor",
        "state": "Kerala",
        "pincode": "670692"
      },
      "workAreas": [
        "Kannur",
        "Thiruvananthapuram"
      ],
      "serviceRadiusKm": 15
    },
    {
      "_id": "690463000dca810266755c77",
      "userId": "[object Object]",
      "displayName": "Federic",
      "email": "federic@yopmail.com",
      "phone": "5678987654",
      "services": [
        "AC Repair",
        "AC Installation"
      ],
      "status": "approved",
      "experienceYears": 3,
      "ratingCount": 0,
      "averageRating": 0,
      "totalJobs": 0,
      "completedJobs": 0,
      "createdAt": "2025-10-31T07:19:28.940Z",
      "profilePictureUrl": "https://res.cloudinary.com/dyn2dphv0/image/upload/v1761895164/technician-documents/file_q1rf2j.jpg",
      "address": {
        "street": "Ezumangad - Karukaputhur",
        "city": "Peringannur",
        "state": "Kerala",
        "pincode": "679532"
      },
      "workAreas": [
        "Kannur",
        "Kochi"
      ],
      "serviceRadiusKm": 20
    }
  ],
  "pagination": {
    "page": 1,
    "limit": 10,
    "total": 3,
    "pages": 1,
    "hasNext": false,
    "hasPrev": false
  }
}
2025-11-03 11:54:00:540 [info]: Public technicians retrieved successfully
{
  "operation": "getPublicTechnicians",
  "serviceFilter": "AC Installation",
  "count": 3,
  "total": 3
}
2025-11-03 11:54:00:540 [http]: ::1 - - [03/Nov/2025:06:24:00 +0000] "GET /api/admin/technicians/public?service=AC+Installation&page=1&limit=6 HTTP/1.1" 200 2016 "http://localhost:5173/" "Mozilla/5.0 (Windows NT 10.0; Win64; x64) AppleWebKit/537.36 (KHTML, like Gecko) Chrome/141.0.0.0 Safari/537.36"
2025-11-03 11:54:00:540 [http]: Request completed
{
  "method": "GET",
  "url": "/public?service=AC+Installation&page=1&limit=6",
  "statusCode": 200,
  "duration": "952ms",
  "contentLength": "2016"
}
2025-11-03 11:54:00:540 [debug]: Successfully converted technician to admin view
{
  "operation": "convertToAdminTechnician",
  "technicianId": "6904c0586d2d8bcb9cc12c47"
}
2025-11-03 11:54:00:540 [debug]: Successfully converted technician to admin view
{
  "operation": "convertToAdminTechnician",
  "technicianId": "69055e480ffeba2c82b9211a"
}
2025-11-03 11:54:00:540 [debug]: Successfully converted technician to admin view
{
  "operation": "convertToAdminTechnician",
  "technicianId": "69055e480ffeba2c82b9211a"
}
2025-11-03 11:54:00:540 [debug]: Successfully converted technician to admin view
{
  "operation": "convertToAdminTechnician",
  "technicianId": "690463000dca810266755c77"
}
2025-11-03 11:54:00:540 [debug]: Successfully converted technician to admin view
{
  "operation": "convertToAdminTechnician",
  "technicianId": "69055e480ffeba2c82b9211a"
}
2025-11-03 11:54:00:540 [debug]: Successfully converted technician to admin view
{
  "operation": "convertToAdminTechnician",
  "technicianId": "6904c0586d2d8bcb9cc12c47"
}
2025-11-03 11:54:00:540 [debug]: Successfully converted technician to admin view
{
  "operation": "convertToAdminTechnician",
  "technicianId": "690463000dca810266755c77"
}
2025-11-03 11:54:00:540 [info]: Tehcnicians retrieved
{
  "operation": "getPublicTechnicians",
  "filters": {
    "status": "approved",
    "service": "AC Installation"
  },
  "technicians": [
    {
      "_id": "69055e480ffeba2c82b9211a",
      "userId": "[object Object]",
      "displayName": "Kiya",
      "email": "kiya@yopmail.com",
      "phone": "8766789997",
      "services": [
        "Refrigerator",
        "AC Installation",
        "AC Repair"
      ],
      "status": "approved",
      "experienceYears": 4,
      "ratingCount": 0,
      "averageRating": 0,
      "totalJobs": 0,
      "completedJobs": 0,
      "createdAt": "2025-11-01T01:11:36.084Z",
      "profilePictureUrl": "https://res.cloudinary.com/dyn2dphv0/image/upload/v1761961446/technician-documents/file_djyk53.jpg",
      "address": {
        "street": "Choorakode",
        "city": "Choorakode",
        "state": "Kerala",
        "pincode": "679337"
      },
      "workAreas": [
        "Kannur",
        "Thiruvananthapuram"
      ],
      "serviceRadiusKm": 15
    },
    {
      "_id": "6904c0586d2d8bcb9cc12c47",
      "userId": "[object Object]",
      "displayName": "Jacob",
      "email": "jacob@yopmail.com",
      "phone": "8766789997",
      "services": [
        "AC Repair",
        "AC Installation"
      ],
      "status": "approved",
      "experienceYears": 2,
      "ratingCount": 0,
      "averageRating": 0,
      "totalJobs": 0,
      "completedJobs": 0,
      "createdAt": "2025-10-31T13:57:44.407Z",
      "profilePictureUrl": "https://res.cloudinary.com/dyn2dphv0/image/upload/v1761919058/technician-documents/file_zuebsl.jpg",
      "address": {
        "street": "Kaivelikkal Kanthapalli Road",
        "city": "Panoor",
        "state": "Kerala",
        "pincode": "670692"
      },
      "workAreas": [
        "Kannur",
        "Thiruvananthapuram"
      ],
      "serviceRadiusKm": 15
    },
    {
      "_id": "690463000dca810266755c77",
      "userId": "[object Object]",
      "displayName": "Federic",
      "email": "federic@yopmail.com",
      "phone": "5678987654",
      "services": [
        "AC Repair",
        "AC Installation"
      ],
      "status": "approved",
      "experienceYears": 3,
      "ratingCount": 0,
      "averageRating": 0,
      "totalJobs": 0,
      "completedJobs": 0,
      "createdAt": "2025-10-31T07:19:28.940Z",
      "profilePictureUrl": "https://res.cloudinary.com/dyn2dphv0/image/upload/v1761895164/technician-documents/file_q1rf2j.jpg",
      "address": {
        "street": "Ezumangad - Karukaputhur",
        "city": "Peringannur",
        "state": "Kerala",
        "pincode": "679532"
      },
      "workAreas": [
        "Kannur",
        "Kochi"
      ],
      "serviceRadiusKm": 20
    }
  ],
  "pagination": {
    "page": 1,
    "limit": 10,
    "total": 3,
    "pages": 1,
    "hasNext": false,
    "hasPrev": false
  }
}
2025-11-03 11:54:00:540 [info]: Public technicians retrieved successfully
{
  "operation": "getPublicTechnicians",
  "serviceFilter": "AC Installation",
  "count": 3,
  "total": 3
}
2025-11-03 11:54:00:540 [http]: ::1 - - [03/Nov/2025:06:24:00 +0000] "GET /api/admin/technicians/public?service=AC+Installation&page=1&limit=6 HTTP/1.1" 200 2016 "http://localhost:5173/" "Mozilla/5.0 (Windows NT 10.0; Win64; x64) AppleWebKit/537.36 (KHTML, like Gecko) Chrome/141.0.0.0 Safari/537.36"
2025-11-03 11:54:00:540 [http]: Request completed
{
  "method": "GET",
  "url": "/public?service=AC+Installation&page=1&limit=6",
  "statusCode": 200,
  "duration": "616ms",
  "contentLength": "2016"
}
2025-11-03 11:54:00:540 [debug]: Successfully converted technician to admin view
{
  "operation": "convertToAdminTechnician",
  "technicianId": "6904c0586d2d8bcb9cc12c47"
}
2025-11-03 11:54:00:540 [info]: Tehcnicians retrieved
{
  "operation": "getPublicTechnicians",
  "filters": {
    "status": "approved",
    "service": "AC Installation"
  },
  "technicians": [
    {
      "_id": "69055e480ffeba2c82b9211a",
      "userId": "[object Object]",
      "displayName": "Kiya",
      "email": "kiya@yopmail.com",
      "phone": "8766789997",
      "services": [
        "Refrigerator",
        "AC Installation",
        "AC Repair"
      ],
      "status": "approved",
      "experienceYears": 4,
      "ratingCount": 0,
      "averageRating": 0,
      "totalJobs": 0,
      "completedJobs": 0,
      "createdAt": "2025-11-01T01:11:36.084Z",
      "profilePictureUrl": "https://res.cloudinary.com/dyn2dphv0/image/upload/v1761961446/technician-documents/file_djyk53.jpg",
      "address": {
        "street": "Choorakode",
        "city": "Choorakode",
        "state": "Kerala",
        "pincode": "679337"
      },
      "workAreas": [
        "Kannur",
        "Thiruvananthapuram"
      ],
      "serviceRadiusKm": 15
    },
    {
      "_id": "6904c0586d2d8bcb9cc12c47",
      "userId": "[object Object]",
      "displayName": "Jacob",
      "email": "jacob@yopmail.com",
      "phone": "8766789997",
      "services": [
        "AC Repair",
        "AC Installation"
      ],
      "status": "approved",
      "experienceYears": 2,
      "ratingCount": 0,
      "averageRating": 0,
      "totalJobs": 0,
      "completedJobs": 0,
      "createdAt": "2025-10-31T13:57:44.407Z",
      "profilePictureUrl": "https://res.cloudinary.com/dyn2dphv0/image/upload/v1761919058/technician-documents/file_zuebsl.jpg",
      "address": {
        "street": "Kaivelikkal Kanthapalli Road",
        "city": "Panoor",
        "state": "Kerala",
        "pincode": "670692"
      },
      "workAreas": [
        "Kannur",
        "Thiruvananthapuram"
      ],
      "serviceRadiusKm": 15
    },
    {
      "_id": "690463000dca810266755c77",
      "userId": "[object Object]",
      "displayName": "Federic",
      "email": "federic@yopmail.com",
      "phone": "5678987654",
      "services": [
        "AC Repair",
        "AC Installation"
      ],
      "status": "approved",
      "experienceYears": 3,
      "ratingCount": 0,
      "averageRating": 0,
      "totalJobs": 0,
      "completedJobs": 0,
      "createdAt": "2025-10-31T07:19:28.940Z",
      "profilePictureUrl": "https://res.cloudinary.com/dyn2dphv0/image/upload/v1761895164/technician-documents/file_q1rf2j.jpg",
      "address": {
        "street": "Ezumangad - Karukaputhur",
        "city": "Peringannur",
        "state": "Kerala",
        "pincode": "679532"
      },
      "workAreas": [
        "Kannur",
        "Kochi"
      ],
      "serviceRadiusKm": 20
    }
  ],
  "pagination": {
    "page": 1,
    "limit": 10,
    "total": 3,
    "pages": 1,
    "hasNext": false,
    "hasPrev": false
  }
}
2025-11-03 11:54:01:541 [info]: Public technicians retrieved successfully
{
  "operation": "getPublicTechnicians",
  "serviceFilter": "AC Installation",
  "count": 3,
  "total": 3
}
2025-11-03 11:54:01:541 [http]: ::1 - - [03/Nov/2025:06:24:01 +0000] "GET /api/admin/technicians/public?service=AC+Installation&page=1&limit=6 HTTP/1.1" 200 2016 "http://localhost:5173/" "Mozilla/5.0 (Windows NT 10.0; Win64; x64) AppleWebKit/537.36 (KHTML, like Gecko) Chrome/141.0.0.0 Safari/537.36"
2025-11-03 11:54:01:541 [http]: Request completed
{
  "method": "GET",
  "url": "/public?service=AC+Installation&page=1&limit=6",
  "statusCode": 200,
  "duration": "1211ms",
  "contentLength": "2016"
}
2025-11-03 11:54:01:541 [debug]: Successfully converted technician to admin view
{
  "operation": "convertToAdminTechnician",
  "technicianId": "690463000dca810266755c77"
}
2025-11-03 11:54:01:541 [info]: Tehcnicians retrieved
{
  "operation": "getPublicTechnicians",
  "filters": {
    "status": "approved",
    "service": "AC Installation"
  },
  "technicians": [
    {
      "_id": "69055e480ffeba2c82b9211a",
      "userId": "[object Object]",
      "displayName": "Kiya",
      "email": "kiya@yopmail.com",
      "phone": "8766789997",
      "services": [
        "Refrigerator",
        "AC Installation",
        "AC Repair"
      ],
      "status": "approved",
      "experienceYears": 4,
      "ratingCount": 0,
      "averageRating": 0,
      "totalJobs": 0,
      "completedJobs": 0,
      "createdAt": "2025-11-01T01:11:36.084Z",
      "profilePictureUrl": "https://res.cloudinary.com/dyn2dphv0/image/upload/v1761961446/technician-documents/file_djyk53.jpg",
      "address": {
        "street": "Choorakode",
        "city": "Choorakode",
        "state": "Kerala",
        "pincode": "679337"
      },
      "workAreas": [
        "Kannur",
        "Thiruvananthapuram"
      ],
      "serviceRadiusKm": 15
    },
    {
      "_id": "6904c0586d2d8bcb9cc12c47",
      "userId": "[object Object]",
      "displayName": "Jacob",
      "email": "jacob@yopmail.com",
      "phone": "8766789997",
      "services": [
        "AC Repair",
        "AC Installation"
      ],
      "status": "approved",
      "experienceYears": 2,
      "ratingCount": 0,
      "averageRating": 0,
      "totalJobs": 0,
      "completedJobs": 0,
      "createdAt": "2025-10-31T13:57:44.407Z",
      "profilePictureUrl": "https://res.cloudinary.com/dyn2dphv0/image/upload/v1761919058/technician-documents/file_zuebsl.jpg",
      "address": {
        "street": "Kaivelikkal Kanthapalli Road",
        "city": "Panoor",
        "state": "Kerala",
        "pincode": "670692"
      },
      "workAreas": [
        "Kannur",
        "Thiruvananthapuram"
      ],
      "serviceRadiusKm": 15
    },
    {
      "_id": "690463000dca810266755c77",
      "userId": "[object Object]",
      "displayName": "Federic",
      "email": "federic@yopmail.com",
      "phone": "5678987654",
      "services": [
        "AC Repair",
        "AC Installation"
      ],
      "status": "approved",
      "experienceYears": 3,
      "ratingCount": 0,
      "averageRating": 0,
      "totalJobs": 0,
      "completedJobs": 0,
      "createdAt": "2025-10-31T07:19:28.940Z",
      "profilePictureUrl": "https://res.cloudinary.com/dyn2dphv0/image/upload/v1761895164/technician-documents/file_q1rf2j.jpg",
      "address": {
        "street": "Ezumangad - Karukaputhur",
        "city": "Peringannur",
        "state": "Kerala",
        "pincode": "679532"
      },
      "workAreas": [
        "Kannur",
        "Kochi"
      ],
      "serviceRadiusKm": 20
    }
  ],
  "pagination": {
    "page": 1,
    "limit": 10,
    "total": 3,
    "pages": 1,
    "hasNext": false,
    "hasPrev": false
  }
}
2025-11-03 11:54:01:541 [info]: Public technicians retrieved successfully
{
  "operation": "getPublicTechnicians",
  "serviceFilter": "AC Installation",
  "count": 3,
  "total": 3
}
2025-11-03 11:54:01:541 [http]: ::1 - - [03/Nov/2025:06:24:01 +0000] "GET /api/admin/technicians/public?service=AC+Installation&page=1&limit=6 HTTP/1.1" 200 2016 "http://localhost:5173/" "Mozilla/5.0 (Windows NT 10.0; Win64; x64) AppleWebKit/537.36 (KHTML, like Gecko) Chrome/141.0.0.0 Safari/537.36"
2025-11-03 11:54:01:541 [http]: Request completed
{
  "method": "GET",
  "url": "/public?service=AC+Installation&page=1&limit=6",
  "statusCode": 200,
  "duration": "1521ms",
  "contentLength": "2016"
}
2025-11-03 11:54:23:5423 [http]: Incoming request
{
  "method": "OPTIONS",
  "url": "/api/user/location",
  "ip": "::1",
  "userAgent": "Mozilla/5.0 (Windows NT 10.0; Win64; x64) AppleWebKit/537.36 (KHTML, like Gecko) Chrome/141.0.0.0 Safari/537.36",
  "query": {}
}
2025-11-03 11:54:23:5423 [http]: ::1 - - [03/Nov/2025:06:24:23 +0000] "OPTIONS /api/user/location HTTP/1.1" 204 0 "http://localhost:5173/" "Mozilla/5.0 (Windows NT 10.0; Win64; x64) AppleWebKit/537.36 (KHTML, like Gecko) Chrome/141.0.0.0 Safari/537.36"
2025-11-03 11:54:23:5423 [http]: Request completed
{
  "method": "OPTIONS",
  "url": "/api/user/location",
  "statusCode": 204,
  "duration": "7ms",
  "contentLength": "0"
}
2025-11-03 11:54:23:5423 [http]: Incoming request
{
  "method": "PUT",
  "url": "/api/user/location",
  "ip": "::1",
  "userAgent": "Mozilla/5.0 (Windows NT 10.0; Win64; x64) AppleWebKit/537.36 (KHTML, like Gecko) Chrome/141.0.0.0 Safari/537.36",
  "query": {}
}
2025-11-03 11:54:23:5423 [info]: Updating user location
{
  "operation": "updateUserLocation",
  "userId": "69084a5f27f3d49e658e002c",
  "coordinates": [
    76.23275756835939,
    10.90208770407582
  ],
  "hasAddress": true
}
2025-11-03 11:54:23:5423 [debug]: Calling service to update user location
{
  "operation": "updateUserLocation",
  "userId": "69084a5f27f3d49e658e002c",
  "coordinates": [
    76.23275756835939,
    10.90208770407582
  ],
  "hasAddress": true,
  "longitude": 76.23275756835939,
  "latitude": 10.90208770407582
}
2025-11-03 11:54:23:5423 [info]: Updating user location
{
  "operation": "updateUserLocation",
  "userId": "69084a5f27f3d49e658e002c",
  "locationData": {
    "coordinates": [
      76.23275756835939,
      10.90208770407582
    ],
    "address": {
      "street": "Elamkulam",
      "city": "Elamkulam",
      "state": "Kerala",
      "pincode": "679340",
      "landmark": ""
    }
  }
}
2025-11-03 11:54:23:5423 [info]: Created or updated user location
{
  "operation": "updateUserLocation",
  "userId": "69084a5f27f3d49e658e002c",
  "locationData": {
    "coordinates": [
      76.23275756835939,
      10.90208770407582
    ],
    "address": {
      "street": "Elamkulam",
      "city": "Elamkulam",
      "state": "Kerala",
      "pincode": "679340",
      "landmark": ""
    }
  },
  "data": {
    "location": {
      "type": "Point",
      "coordinates": [
        76.23275756835939,
        10.90208770407582
      ]
    },
    "address": {
      "street": "Elamkulam",
      "city": "Elamkulam",
      "state": "Kerala",
      "pincode": "679340",
      "landmark": ""
    },
    "_id": "69084a976e4c9bc187aea867",
    "userId": "69084a5f27f3d49e658e002c",
    "__v": 0,
    "createdAt": "2025-11-03T06:24:23.432Z",
    "lastUpdated": "2025-11-03T06:24:23.431Z",
    "updatedAt": "2025-11-03T06:24:23.432Z"
  }
}
2025-11-03 11:54:23:5423 [info]: User location updated successfully
{
  "operation": "updateUserLocation",
  "userId": "69084a5f27f3d49e658e002c",
  "coordinates": [
    76.23275756835939,
    10.90208770407582
  ],
  "hasAddress": true,
  "locationId": "69084a976e4c9bc187aea867"
}
2025-11-03 11:54:23:5423 [http]: ::1 - - [03/Nov/2025:06:24:23 +0000] "PUT /api/user/location HTTP/1.1" 200 445 "http://localhost:5173/" "Mozilla/5.0 (Windows NT 10.0; Win64; x64) AppleWebKit/537.36 (KHTML, like Gecko) Chrome/141.0.0.0 Safari/537.36"
2025-11-03 11:54:23:5423 [http]: Request completed
{
  "method": "PUT",
  "url": "/location",
  "statusCode": 200,
  "duration": "147ms",
  "contentLength": "445"
}
2025-11-03 11:54:23:5423 [http]: Incoming request
{
  "method": "OPTIONS",
  "url": "/api/user/nearby-technicians?lat=10.90208770407582&lng=76.23275756835939&radius=50&serviceName=AC+Installation&page=1&limit=10",
  "ip": "::1",
  "userAgent": "Mozilla/5.0 (Windows NT 10.0; Win64; x64) AppleWebKit/537.36 (KHTML, like Gecko) Chrome/141.0.0.0 Safari/537.36",
  "query": {
    "lat": "10.90208770407582",
    "lng": "76.23275756835939",
    "radius": "50",
    "serviceName": "AC Installation",
    "page": "1",
    "limit": "10"
  }
}
2025-11-03 11:54:23:5423 [http]: ::1 - - [03/Nov/2025:06:24:23 +0000] "OPTIONS /api/user/nearby-technicians?lat=10.90208770407582&lng=76.23275756835939&radius=50&serviceName=AC+Installation&page=1&limit=10 HTTP/1.1" 204 0 "http://localhost:5173/" "Mozilla/5.0 (Windows NT 10.0; Win64; x64) AppleWebKit/537.36 (KHTML, like Gecko) Chrome/141.0.0.0 Safari/537.36"
2025-11-03 11:54:23:5423 [http]: Request completed
{
  "method": "OPTIONS",
  "url": "/api/user/nearby-technicians?lat=10.90208770407582&lng=76.23275756835939&radius=50&serviceName=AC+Installation&page=1&limit=10",
  "statusCode": 204,
  "duration": "6ms",
  "contentLength": "0"
}
2025-11-03 11:54:23:5423 [http]: Incoming request
{
  "method": "GET",
  "url": "/api/user/nearby-technicians?lat=10.90208770407582&lng=76.23275756835939&radius=50&serviceName=AC+Installation&page=1&limit=10",
  "ip": "::1",
  "userAgent": "Mozilla/5.0 (Windows NT 10.0; Win64; x64) AppleWebKit/537.36 (KHTML, like Gecko) Chrome/141.0.0.0 Safari/537.36",
  "query": {
    "lat": "10.90208770407582",
    "lng": "76.23275756835939",
    "radius": "50",
    "serviceName": "AC Installation",
    "page": "1",
    "limit": "10"
  }
}
2025-11-03 11:54:23:5423 [info]: Finding nearby technicians
{
  "operation": "getNearbyTechnicians",
  "latitude": "10.90208770407582",
  "longitude": "76.23275756835939",
  "radius": "50",
  "serviceName": "AC Installation"
}
2025-11-03 11:54:23:5423 [debug]: Searching for technicians with parameters
{
  "operation": "getNearbyTechnicians",
  "latitude": "10.90208770407582",
  "longitude": "76.23275756835939",
  "radius": "50",
  "serviceName": "AC Installation",
  "parsedCoordinates": [
    76.23275756835939,
    10.90208770407582
  ],
  "parsedRadius": 50
}
2025-11-03 11:54:23:5423 [info]: Finding technicaians nearby
{
  "operation": "findTechniciansNearby",
  "userCoordinates": [
    76.23275756835939,
    10.90208770407582
  ],
  "radiusKm": 50,
  "serviceName": "AC Installation"
}
2025-11-03 11:54:23:5423 [info]: Nearby techncins found
{
  "operation": "findTechniciansNearby",
  "userCoordinates": [
    76.23275756835939,
    10.90208770407582
  ],
  "radiusKm": 50,
  "serviceName": "AC Installation",
  "data": [
    {
      "_id": "69055e480ffeba2c82b9211a",
      "userId": "69055da20ffeba2c82b91ecb",
      "displayName": "Kiya",
      "experienceYears": 4,
      "services": [
        "Refrigerator",
        "AC Installation",
        "AC Repair"
      ],
      "workAreas": [
        "Kannur",
        "Thiruvananthapuram"
      ],
      "personalInfo": {
        "fullName": "Kiya",
        "gender": "female",
        "phoneNumber": "8766789997",
        "dateOfBirth": "2003-05-12T00:00:00.000Z",
        "address": {
          "street": "Cherpulassery-Panniamkurushi Road",
          "city": "Cherpulassery",
          "state": "Kerala",
          "pincode": "679506"
        },
        "languages": [
          "English",
          "Hindi",
          "Malayalam"
        ]
      },
      "currentLocation": {
        "type": "Point",
        "coordinates": [
          76.23939513985535,
          10.839712793186058
        ]
      },
      "averageRating": 0,
      "ratingCount": 0,
      "profilePictureUrl": "https://res.cloudinary.com/dyn2dphv0/image/upload/v1761961446/technician-documents/file_djyk53.jpg",
      "distance": 6973.544231839464,
      "isNearby": true,
      "hasLocation": true
    },
    {
      "_id": "690463000dca810266755c77",
      "userId": "690461610dca810266755c1b",
      "displayName": "Federic",
      "experienceYears": 3,
      "services": [
        "AC Repair",
        "AC Installation"
      ],
      "workAreas": [
        "Kannur",
        "Kochi"
      ],
      "personalInfo": {
        "fullName": "Federic",
        "gender": "male",
        "phoneNumber": "5678987654",
        "dateOfBirth": "2006-06-29T00:00:00.000Z",
        "address": {
          "street": "Ezumangad - Karukaputhur",
          "city": "Peringannur",
          "state": "Kerala",
          "pincode": "679532"
        },
        "languages": [
          "English",
          "Tamil",
          "Malayalam"
        ]
      },
      "currentLocation": {
        "type": "Point",
        "coordinates": [
          76.19064330880066,
          10.759786482837015
        ]
      },
      "averageRating": 0,
      "ratingCount": 0,
      "profilePictureUrl": "https://res.cloudinary.com/dyn2dphv0/image/upload/v1761895164/technician-documents/file_q1rf2j.jpg",
      "distance": 16478.1051384512,
      "isNearby": true,
      "hasLocation": true
    },
    {
      "_id": "6904c0586d2d8bcb9cc12c47",
      "userId": "6904be93f62d1286f5b1db09",
      "displayName": "Jacob",
      "experienceYears": 2,
      "services": [
        "AC Repair",
        "AC Installation"
      ],
      "workAreas": [
        "Kannur",
        "Thiruvananthapuram"
      ],
      "personalInfo": {
        "fullName": "Jacob",
        "gender": "male",
        "phoneNumber": "8766789997",
        "dateOfBirth": "2003-06-26T00:00:00.000Z",
        "address": {
          "street": "Kaivelikkal Kanthapalli Road",
          "city": "Panoor",
          "state": "Kerala",
          "pincode": "670692"
        },
        "languages": [
          "English",
          "Hindi"
        ]
      },
      "currentLocation": {
        "type": "Point",
        "coordinates": [
          75.60607904568316,
          11.775947798478454
        ]
      },
      "averageRating": 0,
      "ratingCount": 0,
      "profilePictureUrl": "https://res.cloudinary.com/dyn2dphv0/image/upload/v1761919058/technician-documents/file_zuebsl.jpg",
      "distance": 118784.47014138133,
      "isNearby": false,
      "hasLocation": true
    }
  ],
  "count": 3
}
2025-11-03 11:54:23:5423 [info]: Nearby technicians found successfully
{
  "operation": "getNearbyTechnicians",
  "latitude": "10.90208770407582",
  "longitude": "76.23275756835939",
  "radius": "50",
  "serviceName": "AC Installation",
  "technicianCount": 3
}
2025-11-03 11:54:23:5423 [http]: ::1 - - [03/Nov/2025:06:24:23 +0000] "GET /api/user/nearby-technicians?lat=10.90208770407582&lng=76.23275756835939&radius=50&serviceName=AC+Installation&page=1&limit=10 HTTP/1.1" 200 2368 "http://localhost:5173/" "Mozilla/5.0 (Windows NT 10.0; Win64; x64) AppleWebKit/537.36 (KHTML, like Gecko) Chrome/141.0.0.0 Safari/537.36"
2025-11-03 11:54:23:5423 [http]: Request completed
{
  "method": "GET",
  "url": "/nearby-technicians?lat=10.90208770407582&lng=76.23275756835939&radius=50&serviceName=AC+Installation&page=1&limit=10",
  "statusCode": 200,
  "duration": "122ms",
  "contentLength": "2368"
}
2025-11-03 11:54:23:5423 [http]: Incoming request
{
  "method": "OPTIONS",
  "url": "/api/user/location",
  "ip": "::1",
  "userAgent": "Mozilla/5.0 (Windows NT 10.0; Win64; x64) AppleWebKit/537.36 (KHTML, like Gecko) Chrome/141.0.0.0 Safari/537.36",
  "query": {}
}
2025-11-03 11:54:23:5423 [http]: ::1 - - [03/Nov/2025:06:24:23 +0000] "OPTIONS /api/user/location HTTP/1.1" 204 0 "http://localhost:5173/" "Mozilla/5.0 (Windows NT 10.0; Win64; x64) AppleWebKit/537.36 (KHTML, like Gecko) Chrome/141.0.0.0 Safari/537.36"
2025-11-03 11:54:23:5423 [http]: Request completed
{
  "method": "OPTIONS",
  "url": "/api/user/location",
  "statusCode": 204,
  "duration": "3ms",
  "contentLength": "0"
}
2025-11-03 11:54:23:5423 [http]: Incoming request
{
  "method": "GET",
  "url": "/api/user/location",
  "ip": "::1",
  "userAgent": "Mozilla/5.0 (Windows NT 10.0; Win64; x64) AppleWebKit/537.36 (KHTML, like Gecko) Chrome/141.0.0.0 Safari/537.36",
  "query": {}
}
2025-11-03 11:54:23:5423 [info]: Fetching user location
{
  "operation": "getUserLocation",
  "userId": "69084a5f27f3d49e658e002c"
}
2025-11-03 11:54:23:5423 [info]: Updating user location
{
  "operation": "getUserLocation",
  "userId": "69084a5f27f3d49e658e002c"
}
2025-11-03 11:54:24:5424 [info]: User location found
{
  "operation": "getUserLocation",
  "userId": "69084a5f27f3d49e658e002c",
  "data": {
    "location": {
      "type": "Point",
      "coordinates": [
        76.23275756835939,
        10.90208770407582
      ]
    },
    "address": {
      "street": "Elamkulam",
      "city": "Elamkulam",
      "state": "Kerala",
      "pincode": "679340",
      "landmark": ""
    },
    "_id": "69084a976e4c9bc187aea867",
    "userId": "69084a5f27f3d49e658e002c",
    "__v": 0,
    "createdAt": "2025-11-03T06:24:23.432Z",
    "lastUpdated": "2025-11-03T06:24:23.431Z",
    "updatedAt": "2025-11-03T06:24:23.432Z"
  }
}
2025-11-03 11:54:24:5424 [info]: User location retrieved successfully
{
  "operation": "getUserLocation",
  "userId": "69084a5f27f3d49e658e002c",
  "hasLocation": true
}
2025-11-03 11:54:24:5424 [http]: ::1 - - [03/Nov/2025:06:24:24 +0000] "GET /api/user/location HTTP/1.1" 200 403 "http://localhost:5173/" "Mozilla/5.0 (Windows NT 10.0; Win64; x64) AppleWebKit/537.36 (KHTML, like Gecko) Chrome/141.0.0.0 Safari/537.36"
2025-11-03 11:54:24:5424 [http]: Request completed
{
  "method": "GET",
  "url": "/location",
  "statusCode": 200,
  "duration": "99ms",
  "contentLength": "403"
}
2025-11-03 11:54:24:5424 [http]: Incoming request
{
  "method": "OPTIONS",
  "url": "/api/user/nearby-technicians?lat=10.90208770407582&lng=76.23275756835939&radius=50&serviceName=AC+Installation&page=1&limit=10",
  "ip": "::1",
  "userAgent": "Mozilla/5.0 (Windows NT 10.0; Win64; x64) AppleWebKit/537.36 (KHTML, like Gecko) Chrome/141.0.0.0 Safari/537.36",
  "query": {
    "lat": "10.90208770407582",
    "lng": "76.23275756835939",
    "radius": "50",
    "serviceName": "AC Installation",
    "page": "1",
    "limit": "10"
  }
}
2025-11-03 11:54:24:5424 [http]: ::1 - - [03/Nov/2025:06:24:24 +0000] "OPTIONS /api/user/nearby-technicians?lat=10.90208770407582&lng=76.23275756835939&radius=50&serviceName=AC+Installation&page=1&limit=10 HTTP/1.1" 204 0 "http://localhost:5173/" "Mozilla/5.0 (Windows NT 10.0; Win64; x64) AppleWebKit/537.36 (KHTML, like Gecko) Chrome/141.0.0.0 Safari/537.36"
2025-11-03 11:54:24:5424 [http]: Request completed
{
  "method": "OPTIONS",
  "url": "/api/user/nearby-technicians?lat=10.90208770407582&lng=76.23275756835939&radius=50&serviceName=AC+Installation&page=1&limit=10",
  "statusCode": 204,
  "duration": "11ms",
  "contentLength": "0"
}
2025-11-03 11:54:24:5424 [http]: Incoming request
{
  "method": "GET",
  "url": "/api/user/nearby-technicians?lat=10.90208770407582&lng=76.23275756835939&radius=50&serviceName=AC+Installation&page=1&limit=10",
  "ip": "::1",
  "userAgent": "Mozilla/5.0 (Windows NT 10.0; Win64; x64) AppleWebKit/537.36 (KHTML, like Gecko) Chrome/141.0.0.0 Safari/537.36",
  "query": {
    "lat": "10.90208770407582",
    "lng": "76.23275756835939",
    "radius": "50",
    "serviceName": "AC Installation",
    "page": "1",
    "limit": "10"
  }
}
2025-11-03 11:54:24:5424 [info]: Finding nearby technicians
{
  "operation": "getNearbyTechnicians",
  "latitude": "10.90208770407582",
  "longitude": "76.23275756835939",
  "radius": "50",
  "serviceName": "AC Installation"
}
2025-11-03 11:54:24:5424 [debug]: Searching for technicians with parameters
{
  "operation": "getNearbyTechnicians",
  "latitude": "10.90208770407582",
  "longitude": "76.23275756835939",
  "radius": "50",
  "serviceName": "AC Installation",
  "parsedCoordinates": [
    76.23275756835939,
    10.90208770407582
  ],
  "parsedRadius": 50
}
2025-11-03 11:54:24:5424 [info]: Finding technicaians nearby
{
  "operation": "findTechniciansNearby",
  "userCoordinates": [
    76.23275756835939,
    10.90208770407582
  ],
  "radiusKm": 50,
  "serviceName": "AC Installation"
}
2025-11-03 11:54:24:5424 [info]: Nearby techncins found
{
  "operation": "findTechniciansNearby",
  "userCoordinates": [
    76.23275756835939,
    10.90208770407582
  ],
  "radiusKm": 50,
  "serviceName": "AC Installation",
  "data": [
    {
      "_id": "69055e480ffeba2c82b9211a",
      "userId": "69055da20ffeba2c82b91ecb",
      "displayName": "Kiya",
      "experienceYears": 4,
      "services": [
        "Refrigerator",
        "AC Installation",
        "AC Repair"
      ],
      "workAreas": [
        "Kannur",
        "Thiruvananthapuram"
      ],
      "personalInfo": {
        "fullName": "Kiya",
        "gender": "female",
        "phoneNumber": "8766789997",
        "dateOfBirth": "2003-05-12T00:00:00.000Z",
        "address": {
          "street": "Cherpulassery-Panniamkurushi Road",
          "city": "Cherpulassery",
          "state": "Kerala",
          "pincode": "679506"
        },
        "languages": [
          "English",
          "Hindi",
          "Malayalam"
        ]
      },
      "currentLocation": {
        "type": "Point",
        "coordinates": [
          76.23939513985535,
          10.839712793186058
        ]
      },
      "averageRating": 0,
      "ratingCount": 0,
      "profilePictureUrl": "https://res.cloudinary.com/dyn2dphv0/image/upload/v1761961446/technician-documents/file_djyk53.jpg",
      "distance": 6973.544231839464,
      "isNearby": true,
      "hasLocation": true
    },
    {
      "_id": "690463000dca810266755c77",
      "userId": "690461610dca810266755c1b",
      "displayName": "Federic",
      "experienceYears": 3,
      "services": [
        "AC Repair",
        "AC Installation"
      ],
      "workAreas": [
        "Kannur",
        "Kochi"
      ],
      "personalInfo": {
        "fullName": "Federic",
        "gender": "male",
        "phoneNumber": "5678987654",
        "dateOfBirth": "2006-06-29T00:00:00.000Z",
        "address": {
          "street": "Ezumangad - Karukaputhur",
          "city": "Peringannur",
          "state": "Kerala",
          "pincode": "679532"
        },
        "languages": [
          "English",
          "Tamil",
          "Malayalam"
        ]
      },
      "currentLocation": {
        "type": "Point",
        "coordinates": [
          76.19064330880066,
          10.759786482837015
        ]
      },
      "averageRating": 0,
      "ratingCount": 0,
      "profilePictureUrl": "https://res.cloudinary.com/dyn2dphv0/image/upload/v1761895164/technician-documents/file_q1rf2j.jpg",
      "distance": 16478.1051384512,
      "isNearby": true,
      "hasLocation": true
    },
    {
      "_id": "6904c0586d2d8bcb9cc12c47",
      "userId": "6904be93f62d1286f5b1db09",
      "displayName": "Jacob",
      "experienceYears": 2,
      "services": [
        "AC Repair",
        "AC Installation"
      ],
      "workAreas": [
        "Kannur",
        "Thiruvananthapuram"
      ],
      "personalInfo": {
        "fullName": "Jacob",
        "gender": "male",
        "phoneNumber": "8766789997",
        "dateOfBirth": "2003-06-26T00:00:00.000Z",
        "address": {
          "street": "Kaivelikkal Kanthapalli Road",
          "city": "Panoor",
          "state": "Kerala",
          "pincode": "670692"
        },
        "languages": [
          "English",
          "Hindi"
        ]
      },
      "currentLocation": {
        "type": "Point",
        "coordinates": [
          75.60607904568316,
          11.775947798478454
        ]
      },
      "averageRating": 0,
      "ratingCount": 0,
      "profilePictureUrl": "https://res.cloudinary.com/dyn2dphv0/image/upload/v1761919058/technician-documents/file_zuebsl.jpg",
      "distance": 118784.47014138133,
      "isNearby": false,
      "hasLocation": true
    }
  ],
  "count": 3
}
2025-11-03 11:54:24:5424 [info]: Nearby technicians found successfully
{
  "operation": "getNearbyTechnicians",
  "latitude": "10.90208770407582",
  "longitude": "76.23275756835939",
  "radius": "50",
  "serviceName": "AC Installation",
  "technicianCount": 3
}
2025-11-03 11:54:24:5424 [http]: ::1 - - [03/Nov/2025:06:24:24 +0000] "GET /api/user/nearby-technicians?lat=10.90208770407582&lng=76.23275756835939&radius=50&serviceName=AC+Installation&page=1&limit=10 HTTP/1.1" 200 2368 "http://localhost:5173/" "Mozilla/5.0 (Windows NT 10.0; Win64; x64) AppleWebKit/537.36 (KHTML, like Gecko) Chrome/141.0.0.0 Safari/537.36"
2025-11-03 11:54:24:5424 [http]: Request completed
{
  "method": "GET",
  "url": "/nearby-technicians?lat=10.90208770407582&lng=76.23275756835939&radius=50&serviceName=AC+Installation&page=1&limit=10",
  "statusCode": 200,
  "duration": "100ms",
  "contentLength": "2368"
}
2025-11-03 11:54:35:5435 [http]: Incoming request
{
  "method": "OPTIONS",
  "url": "/api/user/nearby-technicians?lat=10.90208770407582&lng=76.23275756835939&radius=50&serviceName=AC+Installation&page=1&limit=10",
  "ip": "::1",
  "userAgent": "Mozilla/5.0 (Windows NT 10.0; Win64; x64) AppleWebKit/537.36 (KHTML, like Gecko) Chrome/141.0.0.0 Safari/537.36",
  "query": {
    "lat": "10.90208770407582",
    "lng": "76.23275756835939",
    "radius": "50",
    "serviceName": "AC Installation",
    "page": "1",
    "limit": "10"
  }
}
2025-11-03 11:54:35:5435 [http]: ::1 - - [03/Nov/2025:06:24:35 +0000] "OPTIONS /api/user/nearby-technicians?lat=10.90208770407582&lng=76.23275756835939&radius=50&serviceName=AC+Installation&page=1&limit=10 HTTP/1.1" 204 0 "http://localhost:5173/" "Mozilla/5.0 (Windows NT 10.0; Win64; x64) AppleWebKit/537.36 (KHTML, like Gecko) Chrome/141.0.0.0 Safari/537.36"
2025-11-03 11:54:35:5435 [http]: Request completed
{
  "method": "OPTIONS",
  "url": "/api/user/nearby-technicians?lat=10.90208770407582&lng=76.23275756835939&radius=50&serviceName=AC+Installation&page=1&limit=10",
  "statusCode": 204,
  "duration": "6ms",
  "contentLength": "0"
}
2025-11-03 11:54:35:5435 [http]: Incoming request
{
  "method": "GET",
  "url": "/api/user/nearby-technicians?lat=10.90208770407582&lng=76.23275756835939&radius=50&serviceName=AC+Installation&page=1&limit=10",
  "ip": "::1",
  "userAgent": "Mozilla/5.0 (Windows NT 10.0; Win64; x64) AppleWebKit/537.36 (KHTML, like Gecko) Chrome/141.0.0.0 Safari/537.36",
  "query": {
    "lat": "10.90208770407582",
    "lng": "76.23275756835939",
    "radius": "50",
    "serviceName": "AC Installation",
    "page": "1",
    "limit": "10"
  }
}
2025-11-03 11:54:35:5435 [info]: Finding nearby technicians
{
  "operation": "getNearbyTechnicians",
  "latitude": "10.90208770407582",
  "longitude": "76.23275756835939",
  "radius": "50",
  "serviceName": "AC Installation"
}
2025-11-03 11:54:35:5435 [debug]: Searching for technicians with parameters
{
  "operation": "getNearbyTechnicians",
  "latitude": "10.90208770407582",
  "longitude": "76.23275756835939",
  "radius": "50",
  "serviceName": "AC Installation",
  "parsedCoordinates": [
    76.23275756835939,
    10.90208770407582
  ],
  "parsedRadius": 50
}
2025-11-03 11:54:35:5435 [info]: Finding technicaians nearby
{
  "operation": "findTechniciansNearby",
  "userCoordinates": [
    76.23275756835939,
    10.90208770407582
  ],
  "radiusKm": 50,
  "serviceName": "AC Installation"
}
2025-11-03 11:54:35:5435 [info]: Nearby techncins found
{
  "operation": "findTechniciansNearby",
  "userCoordinates": [
    76.23275756835939,
    10.90208770407582
  ],
  "radiusKm": 50,
  "serviceName": "AC Installation",
  "data": [
    {
      "_id": "69055e480ffeba2c82b9211a",
      "userId": "69055da20ffeba2c82b91ecb",
      "displayName": "Kiya",
      "experienceYears": 4,
      "services": [
        "Refrigerator",
        "AC Installation",
        "AC Repair"
      ],
      "workAreas": [
        "Kannur",
        "Thiruvananthapuram"
      ],
      "personalInfo": {
        "fullName": "Kiya",
        "gender": "female",
        "phoneNumber": "8766789997",
        "dateOfBirth": "2003-05-12T00:00:00.000Z",
        "address": {
          "street": "Cherpulassery-Panniamkurushi Road",
          "city": "Cherpulassery",
          "state": "Kerala",
          "pincode": "679506"
        },
        "languages": [
          "English",
          "Hindi",
          "Malayalam"
        ]
      },
      "currentLocation": {
        "type": "Point",
        "coordinates": [
          76.23939513985535,
          10.839712793186058
        ]
      },
      "averageRating": 0,
      "ratingCount": 0,
      "profilePictureUrl": "https://res.cloudinary.com/dyn2dphv0/image/upload/v1761961446/technician-documents/file_djyk53.jpg",
      "distance": 6973.544231839464,
      "isNearby": true,
      "hasLocation": true
    },
    {
      "_id": "690463000dca810266755c77",
      "userId": "690461610dca810266755c1b",
      "displayName": "Federic",
      "experienceYears": 3,
      "services": [
        "AC Repair",
        "AC Installation"
      ],
      "workAreas": [
        "Kannur",
        "Kochi"
      ],
      "personalInfo": {
        "fullName": "Federic",
        "gender": "male",
        "phoneNumber": "5678987654",
        "dateOfBirth": "2006-06-29T00:00:00.000Z",
        "address": {
          "street": "Ezumangad - Karukaputhur",
          "city": "Peringannur",
          "state": "Kerala",
          "pincode": "679532"
        },
        "languages": [
          "English",
          "Tamil",
          "Malayalam"
        ]
      },
      "currentLocation": {
        "type": "Point",
        "coordinates": [
          76.19064330880066,
          10.759786482837015
        ]
      },
      "averageRating": 0,
      "ratingCount": 0,
      "profilePictureUrl": "https://res.cloudinary.com/dyn2dphv0/image/upload/v1761895164/technician-documents/file_q1rf2j.jpg",
      "distance": 16478.1051384512,
      "isNearby": true,
      "hasLocation": true
    },
    {
      "_id": "6904c0586d2d8bcb9cc12c47",
      "userId": "6904be93f62d1286f5b1db09",
      "displayName": "Jacob",
      "experienceYears": 2,
      "services": [
        "AC Repair",
        "AC Installation"
      ],
      "workAreas": [
        "Kannur",
        "Thiruvananthapuram"
      ],
      "personalInfo": {
        "fullName": "Jacob",
        "gender": "male",
        "phoneNumber": "8766789997",
        "dateOfBirth": "2003-06-26T00:00:00.000Z",
        "address": {
          "street": "Kaivelikkal Kanthapalli Road",
          "city": "Panoor",
          "state": "Kerala",
          "pincode": "670692"
        },
        "languages": [
          "English",
          "Hindi"
        ]
      },
      "currentLocation": {
        "type": "Point",
        "coordinates": [
          75.60607904568316,
          11.775947798478454
        ]
      },
      "averageRating": 0,
      "ratingCount": 0,
      "profilePictureUrl": "https://res.cloudinary.com/dyn2dphv0/image/upload/v1761919058/technician-documents/file_zuebsl.jpg",
      "distance": 118784.47014138133,
      "isNearby": false,
      "hasLocation": true
    }
  ],
  "count": 3
}
2025-11-03 11:54:35:5435 [info]: Nearby technicians found successfully
{
  "operation": "getNearbyTechnicians",
  "latitude": "10.90208770407582",
  "longitude": "76.23275756835939",
  "radius": "50",
  "serviceName": "AC Installation",
  "technicianCount": 3
}
2025-11-03 11:54:35:5435 [http]: ::1 - - [03/Nov/2025:06:24:35 +0000] "GET /api/user/nearby-technicians?lat=10.90208770407582&lng=76.23275756835939&radius=50&serviceName=AC+Installation&page=1&limit=10 HTTP/1.1" 200 2368 "http://localhost:5173/" "Mozilla/5.0 (Windows NT 10.0; Win64; x64) AppleWebKit/537.36 (KHTML, like Gecko) Chrome/141.0.0.0 Safari/537.36"
2025-11-03 11:54:35:5435 [http]: Request completed
{
  "method": "GET",
  "url": "/nearby-technicians?lat=10.90208770407582&lng=76.23275756835939&radius=50&serviceName=AC+Installation&page=1&limit=10",
  "statusCode": 200,
  "duration": "85ms",
  "contentLength": "2368"
}
2025-11-03 11:54:44:5444 [http]: Incoming request
{
  "method": "OPTIONS",
  "url": "/api/admin/technicians/public?service=AC+Installation&page=1&limit=10",
  "ip": "::1",
  "userAgent": "Mozilla/5.0 (Windows NT 10.0; Win64; x64) AppleWebKit/537.36 (KHTML, like Gecko) Chrome/141.0.0.0 Safari/537.36",
  "query": {
    "service": "AC Installation",
    "page": "1",
    "limit": "10"
  }
}
2025-11-03 11:54:44:5444 [http]: ::1 - - [03/Nov/2025:06:24:44 +0000] "OPTIONS /api/admin/technicians/public?service=AC+Installation&page=1&limit=10 HTTP/1.1" 204 0 "http://localhost:5173/" "Mozilla/5.0 (Windows NT 10.0; Win64; x64) AppleWebKit/537.36 (KHTML, like Gecko) Chrome/141.0.0.0 Safari/537.36"
2025-11-03 11:54:44:5444 [http]: Request completed
{
  "method": "OPTIONS",
  "url": "/api/admin/technicians/public?service=AC+Installation&page=1&limit=10",
  "statusCode": 204,
  "duration": "4ms",
  "contentLength": "0"
}
2025-11-03 11:54:44:5444 [http]: Incoming request
{
  "method": "GET",
  "url": "/api/admin/technicians/public?service=AC+Installation&page=1&limit=10",
  "ip": "::1",
  "userAgent": "Mozilla/5.0 (Windows NT 10.0; Win64; x64) AppleWebKit/537.36 (KHTML, like Gecko) Chrome/141.0.0.0 Safari/537.36",
  "query": {
    "service": "AC Installation",
    "page": "1",
    "limit": "10"
  }
}
2025-11-03 11:54:44:5444 [info]: Fetching public technicians
{
  "operation": "getPublicTechnicians",
  "serviceFilter": "AC Installation"
}
2025-11-03 11:54:44:5444 [debug]: Calling service to get public technicians
{
  "operation": "getPublicTechnicians",
  "serviceFilter": "AC Installation",
  "filters": {
    "status": "approved",
    "service": "AC Installation"
  }
}
2025-11-03 11:54:44:5444 [info]: fetching public technicians
{
  "operation": "getPublicTechnicians",
  "filters": {
    "status": "approved",
    "service": "AC Installation"
  }
}
2025-11-03 11:54:44:5444 [info]: Get public technicians with pagination
{
  "operation": "getPublicTechnicians",
  "filters": {
    "status": "approved",
    "services": {
      "$in": [
        "AC Installation"
      ]
    }
  },
  "skip": 0,
  "limit": 10
}
2025-11-03 11:54:44:5444 [debug]: Converting technician to admin view
{
  "operation": "convertToAdminTechnician",
  "technicianId": "69055e480ffeba2c82b9211a"
}
2025-11-03 11:54:44:5444 [debug]: Converting technician to admin view
{
  "operation": "convertToAdminTechnician",
  "technicianId": "6904c0586d2d8bcb9cc12c47"
}
2025-11-03 11:54:44:5444 [debug]: Converting technician to admin view
{
  "operation": "convertToAdminTechnician",
  "technicianId": "690463000dca810266755c77"
}
2025-11-03 11:54:45:5445 [debug]: Successfully converted technician to admin view
{
  "operation": "convertToAdminTechnician",
  "technicianId": "6904c0586d2d8bcb9cc12c47"
}
2025-11-03 11:54:45:5445 [debug]: Successfully converted technician to admin view
{
  "operation": "convertToAdminTechnician",
  "technicianId": "69055e480ffeba2c82b9211a"
}
2025-11-03 11:54:45:5445 [debug]: Successfully converted technician to admin view
{
  "operation": "convertToAdminTechnician",
  "technicianId": "690463000dca810266755c77"
}
2025-11-03 11:54:45:5445 [info]: Tehcnicians retrieved
{
  "operation": "getPublicTechnicians",
  "filters": {
    "status": "approved",
    "service": "AC Installation"
  },
  "technicians": [
    {
      "_id": "69055e480ffeba2c82b9211a",
      "userId": "[object Object]",
      "displayName": "Kiya",
      "email": "kiya@yopmail.com",
      "phone": "8766789997",
      "services": [
        "Refrigerator",
        "AC Installation",
        "AC Repair"
      ],
      "status": "approved",
      "experienceYears": 4,
      "ratingCount": 0,
      "averageRating": 0,
      "totalJobs": 0,
      "completedJobs": 0,
      "createdAt": "2025-11-01T01:11:36.084Z",
      "profilePictureUrl": "https://res.cloudinary.com/dyn2dphv0/image/upload/v1761961446/technician-documents/file_djyk53.jpg",
      "address": {
        "street": "Choorakode",
        "city": "Choorakode",
        "state": "Kerala",
        "pincode": "679337"
      },
      "workAreas": [
        "Kannur",
        "Thiruvananthapuram"
      ],
      "serviceRadiusKm": 15
    },
    {
      "_id": "6904c0586d2d8bcb9cc12c47",
      "userId": "[object Object]",
      "displayName": "Jacob",
      "email": "jacob@yopmail.com",
      "phone": "8766789997",
      "services": [
        "AC Repair",
        "AC Installation"
      ],
      "status": "approved",
      "experienceYears": 2,
      "ratingCount": 0,
      "averageRating": 0,
      "totalJobs": 0,
      "completedJobs": 0,
      "createdAt": "2025-10-31T13:57:44.407Z",
      "profilePictureUrl": "https://res.cloudinary.com/dyn2dphv0/image/upload/v1761919058/technician-documents/file_zuebsl.jpg",
      "address": {
        "street": "Kaivelikkal Kanthapalli Road",
        "city": "Panoor",
        "state": "Kerala",
        "pincode": "670692"
      },
      "workAreas": [
        "Kannur",
        "Thiruvananthapuram"
      ],
      "serviceRadiusKm": 15
    },
    {
      "_id": "690463000dca810266755c77",
      "userId": "[object Object]",
      "displayName": "Federic",
      "email": "federic@yopmail.com",
      "phone": "5678987654",
      "services": [
        "AC Repair",
        "AC Installation"
      ],
      "status": "approved",
      "experienceYears": 3,
      "ratingCount": 0,
      "averageRating": 0,
      "totalJobs": 0,
      "completedJobs": 0,
      "createdAt": "2025-10-31T07:19:28.940Z",
      "profilePictureUrl": "https://res.cloudinary.com/dyn2dphv0/image/upload/v1761895164/technician-documents/file_q1rf2j.jpg",
      "address": {
        "street": "Ezumangad - Karukaputhur",
        "city": "Peringannur",
        "state": "Kerala",
        "pincode": "679532"
      },
      "workAreas": [
        "Kannur",
        "Kochi"
      ],
      "serviceRadiusKm": 20
    }
  ],
  "pagination": {
    "page": 1,
    "limit": 10,
    "total": 3,
    "pages": 1,
    "hasNext": false,
    "hasPrev": false
  }
}
2025-11-03 11:54:45:5445 [info]: Public technicians retrieved successfully
{
  "operation": "getPublicTechnicians",
  "serviceFilter": "AC Installation",
  "count": 3,
  "total": 3
}
2025-11-03 11:54:45:5445 [http]: ::1 - - [03/Nov/2025:06:24:45 +0000] "GET /api/admin/technicians/public?service=AC+Installation&page=1&limit=10 HTTP/1.1" 200 2016 "http://localhost:5173/" "Mozilla/5.0 (Windows NT 10.0; Win64; x64) AppleWebKit/537.36 (KHTML, like Gecko) Chrome/141.0.0.0 Safari/537.36"
2025-11-03 11:54:45:5445 [http]: Request completed
{
  "method": "GET",
  "url": "/public?service=AC+Installation&page=1&limit=10",
  "statusCode": 200,
  "duration": "521ms",
  "contentLength": "2016"
}
2025-11-03 11:54:55:5455 [http]: Incoming request
{
  "method": "OPTIONS",
  "url": "/api/public/user/profile",
  "ip": "::1",
  "userAgent": "Mozilla/5.0 (Windows NT 10.0; Win64; x64) AppleWebKit/537.36 (KHTML, like Gecko) Chrome/141.0.0.0 Safari/537.36",
  "query": {}
}
2025-11-03 11:54:55:5455 [http]: ::1 - - [03/Nov/2025:06:24:55 +0000] "OPTIONS /api/public/user/profile HTTP/1.1" 204 0 "http://localhost:5173/" "Mozilla/5.0 (Windows NT 10.0; Win64; x64) AppleWebKit/537.36 (KHTML, like Gecko) Chrome/141.0.0.0 Safari/537.36"
2025-11-03 11:54:55:5455 [http]: Request completed
{
  "method": "OPTIONS",
  "url": "/api/public/user/profile",
  "statusCode": 204,
  "duration": "80ms",
  "contentLength": "0"
}
2025-11-03 11:54:55:5455 [http]: Incoming request
{
  "method": "GET",
  "url": "/api/public/user/profile",
  "ip": "::1",
  "userAgent": "Mozilla/5.0 (Windows NT 10.0; Win64; x64) AppleWebKit/537.36 (KHTML, like Gecko) Chrome/141.0.0.0 Safari/537.36",
  "query": {}
}
2025-11-03 11:54:55:5455 [http]: Incoming request
{
  "method": "OPTIONS",
  "url": "/api/public/user/profile",
  "ip": "::1",
  "userAgent": "Mozilla/5.0 (Windows NT 10.0; Win64; x64) AppleWebKit/537.36 (KHTML, like Gecko) Chrome/141.0.0.0 Safari/537.36",
  "query": {}
}
2025-11-03 11:54:55:5455 [http]: ::1 - - [03/Nov/2025:06:24:55 +0000] "OPTIONS /api/public/user/profile HTTP/1.1" 204 0 "http://localhost:5173/" "Mozilla/5.0 (Windows NT 10.0; Win64; x64) AppleWebKit/537.36 (KHTML, like Gecko) Chrome/141.0.0.0 Safari/537.36"
2025-11-03 11:54:55:5455 [http]: Request completed
{
  "method": "OPTIONS",
  "url": "/api/public/user/profile",
  "statusCode": 204,
  "duration": "4ms",
  "contentLength": "0"
}
2025-11-03 11:54:55:5455 [http]: Incoming request
{
  "method": "GET",
  "url": "/api/public/user/profile",
  "ip": "::1",
  "userAgent": "Mozilla/5.0 (Windows NT 10.0; Win64; x64) AppleWebKit/537.36 (KHTML, like Gecko) Chrome/141.0.0.0 Safari/537.36",
  "query": {}
}
2025-11-03 11:54:55:5455 [info]: Fetching authenticated user profile
{
  "operation": "getUserProfile",
  "userId": "69084a5f27f3d49e658e002c"
}
2025-11-03 11:54:55:5455 [debug]: Calling user service to get public user profile
{
  "operation": "getUserProfile",
  "userId": "69084a5f27f3d49e658e002c",
  "authenticatedUserId": "69084a5f27f3d49e658e002c"
}
2025-11-03 11:54:55:5455 [info]: fetching public user by id
{
  "operation": "getPublicUserById",
  "userId": "69084a5f27f3d49e658e002c"
}
2025-11-03 11:54:55:5455 [info]: Fetching authenticated user profile
{
  "operation": "getUserProfile",
  "userId": "69084a5f27f3d49e658e002c"
}
2025-11-03 11:54:55:5455 [debug]: Calling user service to get public user profile
{
  "operation": "getUserProfile",
  "userId": "69084a5f27f3d49e658e002c",
  "authenticatedUserId": "69084a5f27f3d49e658e002c"
}
2025-11-03 11:54:55:5455 [info]: fetching public user by id
{
  "operation": "getPublicUserById",
  "userId": "69084a5f27f3d49e658e002c"
}
2025-11-03 11:54:55:5455 [info]: User retrieved
{
  "operation": "getPublicUserById",
  "userId": "69084a5f27f3d49e658e002c",
  "user": {
    "_id": "69084a5f27f3d49e658e002c",
    "fullName": "Unni",
    "email": "unni@yopmail.com",
    "phone": "Not provided",
    "isVerified": true,
    "createdAt": "2025-11-03T06:23:27.405Z",
    "wallet": {
      "balance": 0,
      "transactions": []
    },
    "status": "Active",
    "role": "user",
    "addresses": []
  }
}
2025-11-03 11:54:55:5455 [info]: User profile retrieved successfully
{
  "operation": "getUserProfile",
  "userId": "69084a5f27f3d49e658e002c",
  "hasProfilePicture": false
}
2025-11-03 11:54:55:5455 [http]: ::1 - - [03/Nov/2025:06:24:55 +0000] "GET /api/public/user/profile HTTP/1.1" 200 337 "http://localhost:5173/" "Mozilla/5.0 (Windows NT 10.0; Win64; x64) AppleWebKit/537.36 (KHTML, like Gecko) Chrome/141.0.0.0 Safari/537.36"
2025-11-03 11:54:55:5455 [http]: Request completed
{
  "method": "GET",
  "url": "/profile",
  "statusCode": 200,
  "duration": "184ms",
  "contentLength": "337"
}
2025-11-03 11:54:55:5455 [info]: User retrieved
{
  "operation": "getPublicUserById",
  "userId": "69084a5f27f3d49e658e002c",
  "user": {
    "_id": "69084a5f27f3d49e658e002c",
    "fullName": "Unni",
    "email": "unni@yopmail.com",
    "phone": "Not provided",
    "isVerified": true,
    "createdAt": "2025-11-03T06:23:27.405Z",
    "wallet": {
      "balance": 0,
      "transactions": []
    },
    "status": "Active",
    "role": "user",
    "addresses": []
  }
}
2025-11-03 11:54:55:5455 [info]: User profile retrieved successfully
{
  "operation": "getUserProfile",
  "userId": "69084a5f27f3d49e658e002c",
  "hasProfilePicture": false
}
2025-11-03 11:54:55:5455 [http]: ::1 - - [03/Nov/2025:06:24:55 +0000] "GET /api/public/user/profile HTTP/1.1" 200 337 "http://localhost:5173/" "Mozilla/5.0 (Windows NT 10.0; Win64; x64) AppleWebKit/537.36 (KHTML, like Gecko) Chrome/141.0.0.0 Safari/537.36"
2025-11-03 11:54:55:5455 [http]: Request completed
{
  "method": "GET",
  "url": "/profile",
  "statusCode": 200,
  "duration": "179ms",
  "contentLength": "337"
}
2025-11-03 11:55:24:5524 [http]: Incoming request
{
  "method": "OPTIONS",
  "url": "/api/user/profile",
  "ip": "::1",
  "userAgent": "Mozilla/5.0 (Windows NT 10.0; Win64; x64) AppleWebKit/537.36 (KHTML, like Gecko) Chrome/141.0.0.0 Safari/537.36",
  "query": {}
}
2025-11-03 11:55:24:5524 [http]: ::1 - - [03/Nov/2025:06:25:24 +0000] "OPTIONS /api/user/profile HTTP/1.1" 204 0 "http://localhost:5173/" "Mozilla/5.0 (Windows NT 10.0; Win64; x64) AppleWebKit/537.36 (KHTML, like Gecko) Chrome/141.0.0.0 Safari/537.36"
2025-11-03 11:55:24:5524 [http]: Request completed
{
  "method": "OPTIONS",
  "url": "/api/user/profile",
  "statusCode": 204,
  "duration": "3ms",
  "contentLength": "0"
}
2025-11-03 11:55:24:5524 [http]: Incoming request
{
  "method": "PUT",
  "url": "/api/user/profile",
  "ip": "::1",
  "userAgent": "Mozilla/5.0 (Windows NT 10.0; Win64; x64) AppleWebKit/537.36 (KHTML, like Gecko) Chrome/141.0.0.0 Safari/537.36",
  "query": {}
}
2025-11-03 11:55:24:5524 [info]: Updating user profile
{
  "operation": "updateUserProfile",
  "userId": "69084a5f27f3d49e658e002c",
  "updateFields": [
    "fullName",
    "phone",
    "email",
    "dateOfBirth",
    "gender"
  ]
}
2025-11-03 11:55:24:5524 [debug]: Profile update data
{
  "operation": "updateUserProfile",
  "userId": "69084a5f27f3d49e658e002c",
  "updateFields": {
    "fullName": "Unni",
    "phone": "88886677787",
    "email": "unni@yopmail.com",
    "dateOfBirth": "2010-10-12",
    "gender": "Not specified"
  }
}
2025-11-03 11:55:24:5524 [info]: Updating user profile
{
  "operation": "updateUserProfile",
  "userId": "69084a5f27f3d49e658e002c",
  "updateFields": [
    "fullName",
    "phone",
    "email",
    "dateOfBirth",
    "gender"
  ]
}
2025-11-03 11:55:24:5524 [debug]: Updating full name
{
  "operation": "updateUserProfile",
  "userId": "69084a5f27f3d49e658e002c",
  "updateFields": [
    "fullName",
    "phone",
    "email",
    "dateOfBirth",
    "gender"
  ],
  "newFullName": "Unni"
}
2025-11-03 11:55:24:5524 [debug]: Updating phone number
{
  "operation": "updateUserProfile",
  "userId": "69084a5f27f3d49e658e002c",
  "updateFields": [
    "fullName",
    "phone",
    "email",
    "dateOfBirth",
    "gender"
  ],
  "newPhone": "88886677787"
}
2025-11-03 11:55:24:5524 [debug]: Updating date of birth
{
  "operation": "updateUserProfile",
  "userId": "69084a5f27f3d49e658e002c",
  "updateFields": [
    "fullName",
    "phone",
    "email",
    "dateOfBirth",
    "gender"
  ]
}
2025-11-03 11:55:24:5524 [debug]: Updating gender
{
  "operation": "updateUserProfile",
  "userId": "69084a5f27f3d49e658e002c",
  "updateFields": [
    "fullName",
    "phone",
    "email",
    "dateOfBirth",
    "gender"
  ],
  "newGender": "Not specified"
}
2025-11-03 11:55:24:5524 [debug]: Updating user in repository
{
  "operation": "updateUserProfile",
  "userId": "69084a5f27f3d49e658e002c",
  "updateFields": [
    "fullName",
    "phone",
    "email",
    "dateOfBirth",
    "gender"
  ],
  "updatePayload": {
    "fullName": "Unni",
    "phone": "88886677787",
    "dateOfBirth": "2010-10-12",
    "gender": "Not specified"
  },
  "updatedFields": [
    "fullName",
    "phone",
    "dateOfBirth",
    "gender"
  ]
}
2025-11-03 11:55:24:5524 [debug]: Fetching fresh user data after update
{
  "operation": "updateUserProfile",
  "userId": "69084a5f27f3d49e658e002c",
  "updateFields": [
    "fullName",
    "phone",
    "email",
    "dateOfBirth",
    "gender"
  ]
}
2025-11-03 11:55:24:5524 [info]: Successfully updated user profile
{
  "operation": "updateUserProfile",
  "userId": "69084a5f27f3d49e658e002c",
  "updateFields": [
    "fullName",
    "phone",
    "email",
    "dateOfBirth",
    "gender"
  ],
  "updatedFields": [
    "fullName",
    "phone",
    "dateOfBirth",
    "gender"
  ],
  "userEmail": "unni@yopmail.com"
}
2025-11-03 11:55:24:5524 [info]: User profile updated successfully
{
  "operation": "updateUserProfile",
  "userId": "69084a5f27f3d49e658e002c",
  "updateFields": [
    "fullName",
    "phone",
    "email",
    "dateOfBirth",
    "gender"
  ],
  "updatedFieldCount": 5,
  "userEmail": "unni@yopmail.com"
}
2025-11-03 11:55:24:5524 [http]: ::1 - - [03/Nov/2025:06:25:24 +0000] "PUT /api/user/profile HTTP/1.1" 200 374 "http://localhost:5173/" "Mozilla/5.0 (Windows NT 10.0; Win64; x64) AppleWebKit/537.36 (KHTML, like Gecko) Chrome/141.0.0.0 Safari/537.36"
2025-11-03 11:55:24:5524 [http]: Request completed
{
  "method": "PUT",
  "url": "/profile",
  "statusCode": 200,
  "duration": "207ms",
  "contentLength": "374"
}
2025-11-03 11:55:30:5530 [http]: Incoming request
{
  "method": "OPTIONS",
  "url": "/api/user/profile/upload-photo",
  "ip": "::1",
  "userAgent": "Mozilla/5.0 (Windows NT 10.0; Win64; x64) AppleWebKit/537.36 (KHTML, like Gecko) Chrome/141.0.0.0 Safari/537.36",
  "query": {}
}
2025-11-03 11:55:30:5530 [http]: ::1 - - [03/Nov/2025:06:25:30 +0000] "OPTIONS /api/user/profile/upload-photo HTTP/1.1" 204 0 "http://localhost:5173/" "Mozilla/5.0 (Windows NT 10.0; Win64; x64) AppleWebKit/537.36 (KHTML, like Gecko) Chrome/141.0.0.0 Safari/537.36"
2025-11-03 11:55:30:5530 [http]: Request completed
{
  "method": "OPTIONS",
  "url": "/api/user/profile/upload-photo",
  "statusCode": 204,
  "duration": "5ms",
  "contentLength": "0"
}
2025-11-03 11:55:30:5530 [http]: Incoming request
{
  "method": "POST",
  "url": "/api/user/profile/upload-photo",
  "ip": "::1",
  "userAgent": "Mozilla/5.0 (Windows NT 10.0; Win64; x64) AppleWebKit/537.36 (KHTML, like Gecko) Chrome/141.0.0.0 Safari/537.36",
  "query": {}
}
2025-11-03 11:55:30:5530 [info]: Uploading profile picture
{
  "operation": "uploadProfilePicture",
  "userId": "69084a5f27f3d49e658e002c",
  "fileName": "download (2).jpeg",
  "fileSize": 38604
}
2025-11-03 11:55:30:5530 [debug]: Processing profile picture upload
{
  "operation": "uploadProfilePicture",
  "userId": "69084a5f27f3d49e658e002c",
  "fileName": "download (2).jpeg",
  "fileSize": 38604,
  "mimetype": "image/jpeg"
}
2025-11-03 11:55:30:5530 [info]: Uploading profile picture
{
  "operation": "uploadProfilePicture",
  "userId": "69084a5f27f3d49e658e002c",
  "fileSize": 38604,
  "fileName": "download (2).jpeg"
}
2025-11-03 11:55:30:5530 [debug]: Uploading file to Cloudinary
{
  "operation": "uploadProfilePicture",
  "userId": "69084a5f27f3d49e658e002c",
  "fileSize": 38604,
  "fileName": "download (2).jpeg"
}
2025-11-03 11:55:32:5532 [debug]: Updating user profile picture URL
{
  "operation": "uploadProfilePicture",
  "userId": "69084a5f27f3d49e658e002c",
  "fileSize": 38604,
  "fileName": "download (2).jpeg",
  "cloudinaryUrl": "https://res.cloudinary.com/dyn2dphv0/image/upload/v1762151132/technician-documents/file_frrql5.jpg"
}
2025-11-03 11:55:32:5532 [info]: Successfully uploaded profile picture
{
  "operation": "uploadProfilePicture",
  "userId": "69084a5f27f3d49e658e002c",
  "fileSize": 38604,
  "fileName": "download (2).jpeg",
  "profilePictureUrl": "https://res.cloudinary.com/dyn2dphv0/image/upload/v1762151132/technician-documents/file_frrql5.jpg"
}
2025-11-03 11:55:32:5532 [info]: Profile picture uploaded successfully
{
  "operation": "uploadProfilePicture",
  "userId": "69084a5f27f3d49e658e002c",
  "fileName": "download (2).jpeg",
  "fileSize": 38604,
  "uploadSuccess": true,
  "profilePictureUrl": "https://res.cloudinary.com/dyn2dphv0/image/upload/v1762151132/technician-documents/file_frrql5.jpg"
}
2025-11-03 11:55:32:5532 [http]: ::1 - - [03/Nov/2025:06:25:32 +0000] "POST /api/user/profile/upload-photo HTTP/1.1" 200 213 "http://localhost:5173/" "Mozilla/5.0 (Windows NT 10.0; Win64; x64) AppleWebKit/537.36 (KHTML, like Gecko) Chrome/141.0.0.0 Safari/537.36"
2025-11-03 11:55:32:5532 [http]: Request completed
{
  "method": "POST",
  "url": "/profile/upload-photo",
  "statusCode": 200,
  "duration": "2107ms",
  "contentLength": "213"
}
2025-11-03 11:55:41:5541 [http]: Incoming request
{
  "method": "OPTIONS",
  "url": "/api/public/user/profile",
  "ip": "::1",
  "userAgent": "Mozilla/5.0 (Windows NT 10.0; Win64; x64) AppleWebKit/537.36 (KHTML, like Gecko) Chrome/141.0.0.0 Safari/537.36",
  "query": {}
}
2025-11-03 11:55:41:5541 [http]: ::1 - - [03/Nov/2025:06:25:41 +0000] "OPTIONS /api/public/user/profile HTTP/1.1" 204 0 "http://localhost:5173/" "Mozilla/5.0 (Windows NT 10.0; Win64; x64) AppleWebKit/537.36 (KHTML, like Gecko) Chrome/141.0.0.0 Safari/537.36"
2025-11-03 11:55:41:5541 [http]: Request completed
{
  "method": "OPTIONS",
  "url": "/api/public/user/profile",
  "statusCode": 204,
  "duration": "15ms",
  "contentLength": "0"
}
2025-11-03 11:55:41:5541 [http]: Incoming request
{
  "method": "GET",
  "url": "/api/public/user/profile",
  "ip": "::1",
  "userAgent": "Mozilla/5.0 (Windows NT 10.0; Win64; x64) AppleWebKit/537.36 (KHTML, like Gecko) Chrome/141.0.0.0 Safari/537.36",
  "query": {}
}
2025-11-03 11:55:41:5541 [http]: Incoming request
{
  "method": "OPTIONS",
  "url": "/api/public/user/profile",
  "ip": "::1",
  "userAgent": "Mozilla/5.0 (Windows NT 10.0; Win64; x64) AppleWebKit/537.36 (KHTML, like Gecko) Chrome/141.0.0.0 Safari/537.36",
  "query": {}
}
2025-11-03 11:55:41:5541 [http]: ::1 - - [03/Nov/2025:06:25:41 +0000] "OPTIONS /api/public/user/profile HTTP/1.1" 204 0 "http://localhost:5173/" "Mozilla/5.0 (Windows NT 10.0; Win64; x64) AppleWebKit/537.36 (KHTML, like Gecko) Chrome/141.0.0.0 Safari/537.36"
2025-11-03 11:55:41:5541 [http]: Request completed
{
  "method": "OPTIONS",
  "url": "/api/public/user/profile",
  "statusCode": 204,
  "duration": "59ms",
  "contentLength": "0"
}
2025-11-03 11:55:41:5541 [http]: Incoming request
{
  "method": "GET",
  "url": "/api/public/user/profile",
  "ip": "::1",
  "userAgent": "Mozilla/5.0 (Windows NT 10.0; Win64; x64) AppleWebKit/537.36 (KHTML, like Gecko) Chrome/141.0.0.0 Safari/537.36",
  "query": {}
}
2025-11-03 11:55:41:5541 [info]: Fetching authenticated user profile
{
  "operation": "getUserProfile",
  "userId": "69084a5f27f3d49e658e002c"
}
2025-11-03 11:55:41:5541 [debug]: Calling user service to get public user profile
{
  "operation": "getUserProfile",
  "userId": "69084a5f27f3d49e658e002c",
  "authenticatedUserId": "69084a5f27f3d49e658e002c"
}
2025-11-03 11:55:41:5541 [info]: fetching public user by id
{
  "operation": "getPublicUserById",
  "userId": "69084a5f27f3d49e658e002c"
}
2025-11-03 11:55:41:5541 [info]: Fetching authenticated user profile
{
  "operation": "getUserProfile",
  "userId": "69084a5f27f3d49e658e002c"
}
2025-11-03 11:55:41:5541 [debug]: Calling user service to get public user profile
{
  "operation": "getUserProfile",
  "userId": "69084a5f27f3d49e658e002c",
  "authenticatedUserId": "69084a5f27f3d49e658e002c"
}
2025-11-03 11:55:41:5541 [info]: fetching public user by id
{
  "operation": "getPublicUserById",
  "userId": "69084a5f27f3d49e658e002c"
}
2025-11-03 11:55:41:5541 [info]: User retrieved
{
  "operation": "getPublicUserById",
  "userId": "69084a5f27f3d49e658e002c",
  "user": {
    "_id": "69084a5f27f3d49e658e002c",
    "fullName": "Unni",
    "email": "unni@yopmail.com",
    "phone": "88886677787",
    "profilePicture": "https://res.cloudinary.com/dyn2dphv0/image/upload/v1762151132/technician-documents/file_frrql5.jpg",
    "isVerified": true,
    "createdAt": "2025-11-03T06:23:27.405Z",
    "dateOfBirth": "2010-10-12",
    "gender": "Not specified",
    "wallet": {
      "balance": 0,
      "transactions": []
    },
    "status": "Active",
    "role": "user",
    "addresses": []
  }
}
2025-11-03 11:55:41:5541 [info]: User profile retrieved successfully
{
  "operation": "getUserProfile",
  "userId": "69084a5f27f3d49e658e002c",
  "hasProfilePicture": false
}
2025-11-03 11:55:41:5541 [http]: ::1 - - [03/Nov/2025:06:25:41 +0000] "GET /api/public/user/profile HTTP/1.1" 200 506 "http://localhost:5173/" "Mozilla/5.0 (Windows NT 10.0; Win64; x64) AppleWebKit/537.36 (KHTML, like Gecko) Chrome/141.0.0.0 Safari/537.36"
2025-11-03 11:55:41:5541 [http]: Request completed
{
  "method": "GET",
  "url": "/profile",
  "statusCode": 200,
  "duration": "262ms",
  "contentLength": "506"
}
2025-11-03 11:55:41:5541 [info]: User retrieved
{
  "operation": "getPublicUserById",
  "userId": "69084a5f27f3d49e658e002c",
  "user": {
    "_id": "69084a5f27f3d49e658e002c",
    "fullName": "Unni",
    "email": "unni@yopmail.com",
    "phone": "88886677787",
    "profilePicture": "https://res.cloudinary.com/dyn2dphv0/image/upload/v1762151132/technician-documents/file_frrql5.jpg",
    "isVerified": true,
    "createdAt": "2025-11-03T06:23:27.405Z",
    "dateOfBirth": "2010-10-12",
    "gender": "Not specified",
    "wallet": {
      "balance": 0,
      "transactions": []
    },
    "status": "Active",
    "role": "user",
    "addresses": []
  }
}
2025-11-03 11:55:41:5541 [info]: User profile retrieved successfully
{
  "operation": "getUserProfile",
  "userId": "69084a5f27f3d49e658e002c",
  "hasProfilePicture": false
}
2025-11-03 11:55:41:5541 [http]: ::1 - - [03/Nov/2025:06:25:41 +0000] "GET /api/public/user/profile HTTP/1.1" 200 506 "http://localhost:5173/" "Mozilla/5.0 (Windows NT 10.0; Win64; x64) AppleWebKit/537.36 (KHTML, like Gecko) Chrome/141.0.0.0 Safari/537.36"
2025-11-03 11:55:41:5541 [http]: Request completed
{
  "method": "GET",
  "url": "/profile",
  "statusCode": 200,
  "duration": "253ms",
  "contentLength": "506"
}
2025-11-03 11:56:18:5618 [http]: Incoming request
{
  "method": "OPTIONS",
  "url": "/api/user/addresses",
  "ip": "::1",
  "userAgent": "Mozilla/5.0 (Windows NT 10.0; Win64; x64) AppleWebKit/537.36 (KHTML, like Gecko) Chrome/141.0.0.0 Safari/537.36",
  "query": {}
}
2025-11-03 11:56:18:5618 [http]: ::1 - - [03/Nov/2025:06:26:18 +0000] "OPTIONS /api/user/addresses HTTP/1.1" 204 0 "http://localhost:5173/" "Mozilla/5.0 (Windows NT 10.0; Win64; x64) AppleWebKit/537.36 (KHTML, like Gecko) Chrome/141.0.0.0 Safari/537.36"
2025-11-03 11:56:18:5618 [http]: Request completed
{
  "method": "OPTIONS",
  "url": "/api/user/addresses",
  "statusCode": 204,
  "duration": "5ms",
  "contentLength": "0"
}
2025-11-03 11:56:18:5618 [http]: Incoming request
{
  "method": "POST",
  "url": "/api/user/addresses",
  "ip": "::1",
  "userAgent": "Mozilla/5.0 (Windows NT 10.0; Win64; x64) AppleWebKit/537.36 (KHTML, like Gecko) Chrome/141.0.0.0 Safari/537.36",
  "query": {}
}
2025-11-03 11:56:18:5618 [info]: Creating new address
{
  "operation": "createAddress",
  "userId": "69084a5f27f3d49e658e002c",
  "addressType": "Home"
}
2025-11-03 11:56:18:5618 [debug]: Address creation data
{
  "operation": "createAddress",
  "userId": "69084a5f27f3d49e658e002c",
  "addressType": "Home",
  "hasStreet": true,
  "hasCity": true,
  "hasState": true,
  "hasPincode": true
}
2025-11-03 11:56:18:5618 [info]: Creating new address for user
{
  "operation": "createAddress",
  "data": {
    "userId": "69084a5f27f3d49e658e002c",
    "addressData": {
      "street": "Puthiya Road",
      "city": "Puthiya Road",
      "state": "Kerala",
      "pincode": "679307",
      "isDefault": true
    }
  }
}
2025-11-03 11:56:18:5618 [info]: Setting address as default, unsetting other defaults
{
  "operation": "createAddress",
  "data": {
    "userId": "69084a5f27f3d49e658e002c",
    "addressData": {
      "street": "Puthiya Road",
      "city": "Puthiya Road",
      "state": "Kerala",
      "pincode": "679307",
      "isDefault": true
    }
  }
}
2025-11-03 11:56:18:5618 [debug]: Creating address in repository
{
  "operation": "createAddress",
  "data": {
    "userId": "69084a5f27f3d49e658e002c",
    "addressData": {
      "street": "Puthiya Road",
      "city": "Puthiya Road",
      "state": "Kerala",
      "pincode": "679307",
      "isDefault": true
    }
  },
  "addressModel": {
    "userId": "69084a5f27f3d49e658e002c",
    "label": "Home",
    "landmark": "",
    "street": "Puthiya Road",
    "city": "Puthiya Road",
    "state": "Kerala",
    "pincode": "679307",
    "isDefault": true,
    "location": {
      "type": "Point",
      "coordinates": [
        76.19464874267578,
        10.848479783939915
      ]
    },
    "formattedAddress": "Puthiya Road, Pattambi, Palakkad, Kerala, 679307, India"
  }
}
2025-11-03 11:56:18:5618 [info]: Address created successfully
{
  "operation": "createAddress",
  "data": {
    "userId": "69084a5f27f3d49e658e002c",
    "addressData": {
      "street": "Puthiya Road",
      "city": "Puthiya Road",
      "state": "Kerala",
      "pincode": "679307",
      "isDefault": true
    }
  },
  "addressId": "69084b0a27f3d49e658e020b"
}
2025-11-03 11:56:18:5618 [info]: Address created successfully
{
  "operation": "createAddress",
  "userId": "69084a5f27f3d49e658e002c",
  "addressType": "Home"
}
2025-11-03 11:56:18:5618 [http]: ::1 - - [03/Nov/2025:06:26:18 +0000] "POST /api/user/addresses HTTP/1.1" 200 489 "http://localhost:5173/" "Mozilla/5.0 (Windows NT 10.0; Win64; x64) AppleWebKit/537.36 (KHTML, like Gecko) Chrome/141.0.0.0 Safari/537.36"
2025-11-03 11:56:18:5618 [http]: Request completed
{
  "method": "POST",
  "url": "/addresses",
  "statusCode": 200,
  "duration": "195ms",
  "contentLength": "489"
}
2025-11-03 11:56:18:5618 [http]: Incoming request
{
  "method": "OPTIONS",
  "url": "/api/user/addresses",
  "ip": "::1",
  "userAgent": "Mozilla/5.0 (Windows NT 10.0; Win64; x64) AppleWebKit/537.36 (KHTML, like Gecko) Chrome/141.0.0.0 Safari/537.36",
  "query": {}
}
2025-11-03 11:56:18:5618 [http]: ::1 - - [03/Nov/2025:06:26:18 +0000] "OPTIONS /api/user/addresses HTTP/1.1" 204 0 "http://localhost:5173/" "Mozilla/5.0 (Windows NT 10.0; Win64; x64) AppleWebKit/537.36 (KHTML, like Gecko) Chrome/141.0.0.0 Safari/537.36"
2025-11-03 11:56:18:5618 [http]: Request completed
{
  "method": "OPTIONS",
  "url": "/api/user/addresses",
  "statusCode": 204,
  "duration": "9ms",
  "contentLength": "0"
}
2025-11-03 11:56:18:5618 [http]: Incoming request
{
  "method": "GET",
  "url": "/api/user/addresses",
  "ip": "::1",
  "userAgent": "Mozilla/5.0 (Windows NT 10.0; Win64; x64) AppleWebKit/537.36 (KHTML, like Gecko) Chrome/141.0.0.0 Safari/537.36",
  "query": {}
}
2025-11-03 11:56:18:5618 [info]: Fetching user addresses
{
  "operation": "getUserAddresses",
  "userId": "69084a5f27f3d49e658e002c"
}
2025-11-03 11:56:18:5618 [info]: Fetching user addresses
{
  "operation": "getUserAddresses",
  "data": {
    "userId": "69084a5f27f3d49e658e002c"
  }
}
2025-11-03 11:56:18:5618 [info]: User addresses retrieved successfully
{
  "operation": "getUserAddresses",
  "data": {
    "userId": "69084a5f27f3d49e658e002c"
  },
  "addressCount": 1
}
2025-11-03 11:56:18:5618 [info]: User addresses retrieved successfully
{
  "operation": "getUserAddresses",
  "userId": "69084a5f27f3d49e658e002c"
}
2025-11-03 11:56:18:5618 [http]: ::1 - - [03/Nov/2025:06:26:18 +0000] "GET /api/user/addresses HTTP/1.1" 200 499 "http://localhost:5173/" "Mozilla/5.0 (Windows NT 10.0; Win64; x64) AppleWebKit/537.36 (KHTML, like Gecko) Chrome/141.0.0.0 Safari/537.36"
2025-11-03 11:56:18:5618 [http]: Request completed
{
  "method": "GET",
  "url": "/addresses",
  "statusCode": 200,
  "duration": "115ms",
  "contentLength": "499"
}
2025-11-03 11:56:28:5628 [http]: Incoming request
{
  "method": "OPTIONS",
  "url": "/api/admin/services?page=1&limit=10",
  "ip": "::1",
  "userAgent": "Mozilla/5.0 (Windows NT 10.0; Win64; x64) AppleWebKit/537.36 (KHTML, like Gecko) Chrome/141.0.0.0 Safari/537.36",
  "query": {
    "page": "1",
    "limit": "10"
  }
}
2025-11-03 11:56:28:5628 [http]: ::1 - - [03/Nov/2025:06:26:28 +0000] "OPTIONS /api/admin/services?page=1&limit=10 HTTP/1.1" 204 0 "http://localhost:5173/" "Mozilla/5.0 (Windows NT 10.0; Win64; x64) AppleWebKit/537.36 (KHTML, like Gecko) Chrome/141.0.0.0 Safari/537.36"
2025-11-03 11:56:28:5628 [http]: Request completed
{
  "method": "OPTIONS",
  "url": "/api/admin/services?page=1&limit=10",
  "statusCode": 204,
  "duration": "7ms",
  "contentLength": "0"
}
2025-11-03 11:56:28:5628 [http]: Incoming request
{
  "method": "GET",
  "url": "/api/admin/services?page=1&limit=10",
  "ip": "::1",
  "userAgent": "Mozilla/5.0 (Windows NT 10.0; Win64; x64) AppleWebKit/537.36 (KHTML, like Gecko) Chrome/141.0.0.0 Safari/537.36",
  "query": {
    "page": "1",
    "limit": "10"
  }
}
2025-11-03 11:56:28:5628 [info]: Fetching all services
{
  "operation": "getAllServices",
  "page": 1,
  "limit": 10
}
2025-11-03 11:56:28:5628 [info]: Fetching all services
{
  "operation": "getAllServices",
  "data": {
    "page": 1,
    "limit": 10,
    "hasSearch": false
  }
}
2025-11-03 11:56:28:5628 [debug]: Fetching all services with pagination
{
  "operation": "getAllServices",
  "data": {
    "page": 1,
    "limit": 10,
    "hasSearch": false
  },
  "skip": 0,
  "limit": 10
}
2025-11-03 11:56:28:5628 [http]: Incoming request
{
  "method": "OPTIONS",
  "url": "/api/admin/services?page=1&limit=10",
  "ip": "::1",
  "userAgent": "Mozilla/5.0 (Windows NT 10.0; Win64; x64) AppleWebKit/537.36 (KHTML, like Gecko) Chrome/141.0.0.0 Safari/537.36",
  "query": {
    "page": "1",
    "limit": "10"
  }
}
2025-11-03 11:56:28:5628 [http]: ::1 - - [03/Nov/2025:06:26:28 +0000] "OPTIONS /api/admin/services?page=1&limit=10 HTTP/1.1" 204 0 "http://localhost:5173/" "Mozilla/5.0 (Windows NT 10.0; Win64; x64) AppleWebKit/537.36 (KHTML, like Gecko) Chrome/141.0.0.0 Safari/537.36"
2025-11-03 11:56:28:5628 [http]: Request completed
{
  "method": "OPTIONS",
  "url": "/api/admin/services?page=1&limit=10",
  "statusCode": 204,
  "duration": "4ms",
  "contentLength": "0"
}
2025-11-03 11:56:28:5628 [http]: Incoming request
{
  "method": "OPTIONS",
  "url": "/api/admin/services?page=1&limit=10",
  "ip": "::1",
  "userAgent": "Mozilla/5.0 (Windows NT 10.0; Win64; x64) AppleWebKit/537.36 (KHTML, like Gecko) Chrome/141.0.0.0 Safari/537.36",
  "query": {
    "page": "1",
    "limit": "10"
  }
}
2025-11-03 11:56:28:5628 [http]: ::1 - - [03/Nov/2025:06:26:28 +0000] "OPTIONS /api/admin/services?page=1&limit=10 HTTP/1.1" 204 0 "http://localhost:5173/" "Mozilla/5.0 (Windows NT 10.0; Win64; x64) AppleWebKit/537.36 (KHTML, like Gecko) Chrome/141.0.0.0 Safari/537.36"
2025-11-03 11:56:28:5628 [http]: Request completed
{
  "method": "OPTIONS",
  "url": "/api/admin/services?page=1&limit=10",
  "statusCode": 204,
  "duration": "2ms",
  "contentLength": "0"
}
2025-11-03 11:56:28:5628 [http]: Incoming request
{
  "method": "GET",
  "url": "/api/admin/services?page=1&limit=10",
  "ip": "::1",
  "userAgent": "Mozilla/5.0 (Windows NT 10.0; Win64; x64) AppleWebKit/537.36 (KHTML, like Gecko) Chrome/141.0.0.0 Safari/537.36",
  "query": {
    "page": "1",
    "limit": "10"
  }
}
2025-11-03 11:56:28:5628 [info]: Fetching all services
{
  "operation": "getAllServices",
  "page": 1,
  "limit": 10
}
2025-11-03 11:56:28:5628 [info]: Fetching all services
{
  "operation": "getAllServices",
  "data": {
    "page": 1,
    "limit": 10,
    "hasSearch": false
  }
}
2025-11-03 11:56:28:5628 [debug]: Fetching all services with pagination
{
  "operation": "getAllServices",
  "data": {
    "page": 1,
    "limit": 10,
    "hasSearch": false
  },
  "skip": 0,
  "limit": 10
}
2025-11-03 11:56:28:5628 [http]: Incoming request
{
  "method": "OPTIONS",
  "url": "/api/admin/services?page=1&limit=10",
  "ip": "::1",
  "userAgent": "Mozilla/5.0 (Windows NT 10.0; Win64; x64) AppleWebKit/537.36 (KHTML, like Gecko) Chrome/141.0.0.0 Safari/537.36",
  "query": {
    "page": "1",
    "limit": "10"
  }
}
2025-11-03 11:56:28:5628 [http]: ::1 - - [03/Nov/2025:06:26:28 +0000] "OPTIONS /api/admin/services?page=1&limit=10 HTTP/1.1" 204 0 "http://localhost:5173/" "Mozilla/5.0 (Windows NT 10.0; Win64; x64) AppleWebKit/537.36 (KHTML, like Gecko) Chrome/141.0.0.0 Safari/537.36"
2025-11-03 11:56:28:5628 [http]: Request completed
{
  "method": "OPTIONS",
  "url": "/api/admin/services?page=1&limit=10",
  "statusCode": 204,
  "duration": "41ms",
  "contentLength": "0"
}
2025-11-03 11:56:28:5628 [http]: Incoming request
{
  "method": "GET",
  "url": "/api/admin/services?page=1&limit=10",
  "ip": "::1",
  "userAgent": "Mozilla/5.0 (Windows NT 10.0; Win64; x64) AppleWebKit/537.36 (KHTML, like Gecko) Chrome/141.0.0.0 Safari/537.36",
  "query": {
    "page": "1",
    "limit": "10"
  }
}
2025-11-03 11:56:28:5628 [info]: Fetching all services
{
  "operation": "getAllServices",
  "page": 1,
  "limit": 10
}
2025-11-03 11:56:28:5628 [info]: Fetching all services
{
  "operation": "getAllServices",
  "data": {
    "page": 1,
    "limit": 10,
    "hasSearch": false
  }
}
2025-11-03 11:56:28:5628 [debug]: Fetching all services with pagination
{
  "operation": "getAllServices",
  "data": {
    "page": 1,
    "limit": 10,
    "hasSearch": false
  },
  "skip": 0,
  "limit": 10
}
2025-11-03 11:56:28:5628 [http]: Incoming request
{
  "method": "GET",
  "url": "/api/admin/services?page=1&limit=10",
  "ip": "::1",
  "userAgent": "Mozilla/5.0 (Windows NT 10.0; Win64; x64) AppleWebKit/537.36 (KHTML, like Gecko) Chrome/141.0.0.0 Safari/537.36",
  "query": {
    "page": "1",
    "limit": "10"
  }
}
2025-11-03 11:56:28:5628 [info]: Fetching all services
{
  "operation": "getAllServices",
  "page": 1,
  "limit": 10
}
2025-11-03 11:56:28:5628 [info]: Fetching all services
{
  "operation": "getAllServices",
  "data": {
    "page": 1,
    "limit": 10,
    "hasSearch": false
  }
}
2025-11-03 11:56:28:5628 [debug]: Fetching all services with pagination
{
  "operation": "getAllServices",
  "data": {
    "page": 1,
    "limit": 10,
    "hasSearch": false
  },
  "skip": 0,
  "limit": 10
}
2025-11-03 11:56:28:5628 [debug]: Services retrieved from repository
{
  "operation": "getAllServices",
  "data": {
    "page": 1,
    "limit": 10,
    "hasSearch": false
  },
  "servicesCount": 6,
  "totalCount": 6
}
2025-11-03 11:56:28:5628 [info]: All services retrieved successfully
{
  "operation": "getAllServices",
  "data": {
    "page": 1,
    "limit": 10,
    "hasSearch": false
  },
  "totalServices": 6,
  "returnedServices": 6
}
2025-11-03 11:56:28:5628 [info]: All services retrieved successfully
{
  "operation": "getAllServices",
  "page": 1,
  "limit": 10,
  "totalServices": 6
}
2025-11-03 11:56:28:5628 [http]: ::1 - - [03/Nov/2025:06:26:28 +0000] "GET /api/admin/services?page=1&limit=10 HTTP/1.1" 200 4953 "http://localhost:5173/" "Mozilla/5.0 (Windows NT 10.0; Win64; x64) AppleWebKit/537.36 (KHTML, like Gecko) Chrome/141.0.0.0 Safari/537.36"
2025-11-03 11:56:28:5628 [http]: Request completed
{
  "method": "GET",
  "url": "/?page=1&limit=10",
  "statusCode": 200,
  "duration": "231ms",
  "contentLength": "4953"
}
2025-11-03 11:56:28:5628 [debug]: Services retrieved from repository
{
  "operation": "getAllServices",
  "data": {
    "page": 1,
    "limit": 10,
    "hasSearch": false
  },
  "servicesCount": 6,
  "totalCount": 6
}
2025-11-03 11:56:28:5628 [info]: All services retrieved successfully
{
  "operation": "getAllServices",
  "data": {
    "page": 1,
    "limit": 10,
    "hasSearch": false
  },
  "totalServices": 6,
  "returnedServices": 6
}
2025-11-03 11:56:28:5628 [info]: All services retrieved successfully
{
  "operation": "getAllServices",
  "page": 1,
  "limit": 10,
  "totalServices": 6
}
2025-11-03 11:56:28:5628 [http]: ::1 - - [03/Nov/2025:06:26:28 +0000] "GET /api/admin/services?page=1&limit=10 HTTP/1.1" 200 4953 "http://localhost:5173/" "Mozilla/5.0 (Windows NT 10.0; Win64; x64) AppleWebKit/537.36 (KHTML, like Gecko) Chrome/141.0.0.0 Safari/537.36"
2025-11-03 11:56:28:5628 [http]: Request completed
{
  "method": "GET",
  "url": "/?page=1&limit=10",
  "statusCode": 200,
  "duration": "242ms",
  "contentLength": "4953"
}
2025-11-03 11:56:28:5628 [debug]: Services retrieved from repository
{
  "operation": "getAllServices",
  "data": {
    "page": 1,
    "limit": 10,
    "hasSearch": false
  },
  "servicesCount": 6,
  "totalCount": 6
}
2025-11-03 11:56:28:5628 [info]: All services retrieved successfully
{
  "operation": "getAllServices",
  "data": {
    "page": 1,
    "limit": 10,
    "hasSearch": false
  },
  "totalServices": 6,
  "returnedServices": 6
}
2025-11-03 11:56:28:5628 [info]: All services retrieved successfully
{
  "operation": "getAllServices",
  "page": 1,
  "limit": 10,
  "totalServices": 6
}
2025-11-03 11:56:28:5628 [http]: ::1 - - [03/Nov/2025:06:26:28 +0000] "GET /api/admin/services?page=1&limit=10 HTTP/1.1" 200 4953 "http://localhost:5173/" "Mozilla/5.0 (Windows NT 10.0; Win64; x64) AppleWebKit/537.36 (KHTML, like Gecko) Chrome/141.0.0.0 Safari/537.36"
2025-11-03 11:56:28:5628 [http]: Request completed
{
  "method": "GET",
  "url": "/?page=1&limit=10",
  "statusCode": 200,
  "duration": "202ms",
  "contentLength": "4953"
}
2025-11-03 11:56:28:5628 [http]: Incoming request
{
  "method": "OPTIONS",
  "url": "/api/admin/categories?page=1&limit=50",
  "ip": "::1",
  "userAgent": "Mozilla/5.0 (Windows NT 10.0; Win64; x64) AppleWebKit/537.36 (KHTML, like Gecko) Chrome/141.0.0.0 Safari/537.36",
  "query": {
    "page": "1",
    "limit": "50"
  }
}
2025-11-03 11:56:28:5628 [http]: ::1 - - [03/Nov/2025:06:26:28 +0000] "OPTIONS /api/admin/categories?page=1&limit=50 HTTP/1.1" 204 0 "http://localhost:5173/" "Mozilla/5.0 (Windows NT 10.0; Win64; x64) AppleWebKit/537.36 (KHTML, like Gecko) Chrome/141.0.0.0 Safari/537.36"
2025-11-03 11:56:28:5628 [http]: Request completed
{
  "method": "OPTIONS",
  "url": "/api/admin/categories?page=1&limit=50",
  "statusCode": 204,
  "duration": "5ms",
  "contentLength": "0"
}
2025-11-03 11:56:28:5628 [debug]: Services retrieved from repository
{
  "operation": "getAllServices",
  "data": {
    "page": 1,
    "limit": 10,
    "hasSearch": false
  },
  "servicesCount": 6,
  "totalCount": 6
}
2025-11-03 11:56:28:5628 [info]: All services retrieved successfully
{
  "operation": "getAllServices",
  "data": {
    "page": 1,
    "limit": 10,
    "hasSearch": false
  },
  "totalServices": 6,
  "returnedServices": 6
}
2025-11-03 11:56:28:5628 [info]: All services retrieved successfully
{
  "operation": "getAllServices",
  "page": 1,
  "limit": 10,
  "totalServices": 6
}
2025-11-03 11:56:28:5628 [http]: ::1 - - [03/Nov/2025:06:26:28 +0000] "GET /api/admin/services?page=1&limit=10 HTTP/1.1" 200 4953 "http://localhost:5173/" "Mozilla/5.0 (Windows NT 10.0; Win64; x64) AppleWebKit/537.36 (KHTML, like Gecko) Chrome/141.0.0.0 Safari/537.36"
2025-11-03 11:56:28:5628 [http]: Request completed
{
  "method": "GET",
  "url": "/?page=1&limit=10",
  "statusCode": 200,
  "duration": "198ms",
  "contentLength": "4953"
}
2025-11-03 11:56:28:5628 [http]: Incoming request
{
  "method": "GET",
  "url": "/api/admin/categories?page=1&limit=50",
  "ip": "::1",
  "userAgent": "Mozilla/5.0 (Windows NT 10.0; Win64; x64) AppleWebKit/537.36 (KHTML, like Gecko) Chrome/141.0.0.0 Safari/537.36",
  "query": {
    "page": "1",
    "limit": "50"
  }
}
2025-11-03 11:56:28:5628 [info]: Fetching all categories
{
  "operation": "getAllCategories",
  "page": 1,
  "limit": 50
}
2025-11-03 11:56:28:5628 [info]: Fetching all categories
{
  "operation": "getAllCategories",
  "data": {
    "page": 1,
    "limit": 50,
    "hasSearch": false
  }
}
2025-11-03 11:56:28:5628 [debug]: Fetching all categories with pagination
{
  "operation": "getAllCategories",
  "data": {
    "page": 1,
    "limit": 50,
    "hasSearch": false
  },
  "skip": 0,
  "limit": 50
}
2025-11-03 11:56:28:5628 [debug]: Categories retrieved from repository
{
  "operation": "getAllCategories",
  "data": {
    "page": 1,
    "limit": 50,
    "hasSearch": false
  },
  "categoriesCount": 1,
  "totalCount": 1
}
2025-11-03 11:56:28:5628 [debug]: Counting services for each category
{
  "operation": "getAllCategories",
  "data": {
    "page": 1,
    "limit": 50,
    "hasSearch": false
  },
  "categoriesToProcess": 1
}
2025-11-03 11:56:28:5628 [http]: Incoming request
{
  "method": "OPTIONS",
  "url": "/api/admin/categories?page=1&limit=50",
  "ip": "::1",
  "userAgent": "Mozilla/5.0 (Windows NT 10.0; Win64; x64) AppleWebKit/537.36 (KHTML, like Gecko) Chrome/141.0.0.0 Safari/537.36",
  "query": {
    "page": "1",
    "limit": "50"
  }
}
2025-11-03 11:56:28:5628 [http]: ::1 - - [03/Nov/2025:06:26:28 +0000] "OPTIONS /api/admin/categories?page=1&limit=50 HTTP/1.1" 204 0 "http://localhost:5173/" "Mozilla/5.0 (Windows NT 10.0; Win64; x64) AppleWebKit/537.36 (KHTML, like Gecko) Chrome/141.0.0.0 Safari/537.36"
2025-11-03 11:56:28:5628 [http]: Request completed
{
  "method": "OPTIONS",
  "url": "/api/admin/categories?page=1&limit=50",
  "statusCode": 204,
  "duration": "17ms",
  "contentLength": "0"
}
2025-11-03 11:56:28:5628 [http]: Incoming request
{
  "method": "GET",
  "url": "/api/admin/categories?page=1&limit=50",
  "ip": "::1",
  "userAgent": "Mozilla/5.0 (Windows NT 10.0; Win64; x64) AppleWebKit/537.36 (KHTML, like Gecko) Chrome/141.0.0.0 Safari/537.36",
  "query": {
    "page": "1",
    "limit": "50"
  }
}
2025-11-03 11:56:28:5628 [info]: Fetching all categories
{
  "operation": "getAllCategories",
  "page": 1,
  "limit": 50
}
2025-11-03 11:56:28:5628 [info]: Fetching all categories
{
  "operation": "getAllCategories",
  "data": {
    "page": 1,
    "limit": 50,
    "hasSearch": false
  }
}
2025-11-03 11:56:28:5628 [debug]: Fetching all categories with pagination
{
  "operation": "getAllCategories",
  "data": {
    "page": 1,
    "limit": 50,
    "hasSearch": false
  },
  "skip": 0,
  "limit": 50
}
2025-11-03 11:56:28:5628 [http]: Incoming request
{
  "method": "OPTIONS",
  "url": "/api/admin/categories?page=1&limit=50",
  "ip": "::1",
  "userAgent": "Mozilla/5.0 (Windows NT 10.0; Win64; x64) AppleWebKit/537.36 (KHTML, like Gecko) Chrome/141.0.0.0 Safari/537.36",
  "query": {
    "page": "1",
    "limit": "50"
  }
}
2025-11-03 11:56:28:5628 [http]: ::1 - - [03/Nov/2025:06:26:28 +0000] "OPTIONS /api/admin/categories?page=1&limit=50 HTTP/1.1" 204 0 "http://localhost:5173/" "Mozilla/5.0 (Windows NT 10.0; Win64; x64) AppleWebKit/537.36 (KHTML, like Gecko) Chrome/141.0.0.0 Safari/537.36"
2025-11-03 11:56:28:5628 [http]: Request completed
{
  "method": "OPTIONS",
  "url": "/api/admin/categories?page=1&limit=50",
  "statusCode": 204,
  "duration": "7ms",
  "contentLength": "0"
}
2025-11-03 11:56:28:5628 [http]: Incoming request
{
  "method": "OPTIONS",
  "url": "/api/admin/categories?page=1&limit=50",
  "ip": "::1",
  "userAgent": "Mozilla/5.0 (Windows NT 10.0; Win64; x64) AppleWebKit/537.36 (KHTML, like Gecko) Chrome/141.0.0.0 Safari/537.36",
  "query": {
    "page": "1",
    "limit": "50"
  }
}
2025-11-03 11:56:28:5628 [http]: ::1 - - [03/Nov/2025:06:26:28 +0000] "OPTIONS /api/admin/categories?page=1&limit=50 HTTP/1.1" 204 0 "http://localhost:5173/" "Mozilla/5.0 (Windows NT 10.0; Win64; x64) AppleWebKit/537.36 (KHTML, like Gecko) Chrome/141.0.0.0 Safari/537.36"
2025-11-03 11:56:28:5628 [http]: Request completed
{
  "method": "OPTIONS",
  "url": "/api/admin/categories?page=1&limit=50",
  "statusCode": 204,
  "duration": "4ms",
  "contentLength": "0"
}
2025-11-03 11:56:28:5628 [http]: Incoming request
{
  "method": "GET",
  "url": "/api/admin/categories?page=1&limit=50",
  "ip": "::1",
  "userAgent": "Mozilla/5.0 (Windows NT 10.0; Win64; x64) AppleWebKit/537.36 (KHTML, like Gecko) Chrome/141.0.0.0 Safari/537.36",
  "query": {
    "page": "1",
    "limit": "50"
  }
}
2025-11-03 11:56:28:5628 [info]: Fetching all categories
{
  "operation": "getAllCategories",
  "page": 1,
  "limit": 50
}
2025-11-03 11:56:28:5628 [info]: Fetching all categories
{
  "operation": "getAllCategories",
  "data": {
    "page": 1,
    "limit": 50,
    "hasSearch": false
  }
}
2025-11-03 11:56:28:5628 [debug]: Fetching all categories with pagination
{
  "operation": "getAllCategories",
  "data": {
    "page": 1,
    "limit": 50,
    "hasSearch": false
  },
  "skip": 0,
  "limit": 50
}
2025-11-03 11:56:28:5628 [http]: Incoming request
{
  "method": "GET",
  "url": "/api/admin/categories?page=1&limit=50",
  "ip": "::1",
  "userAgent": "Mozilla/5.0 (Windows NT 10.0; Win64; x64) AppleWebKit/537.36 (KHTML, like Gecko) Chrome/141.0.0.0 Safari/537.36",
  "query": {
    "page": "1",
    "limit": "50"
  }
}
2025-11-03 11:56:28:5628 [info]: Fetching all categories
{
  "operation": "getAllCategories",
  "page": 1,
  "limit": 50
}
2025-11-03 11:56:28:5628 [info]: Fetching all categories
{
  "operation": "getAllCategories",
  "data": {
    "page": 1,
    "limit": 50,
    "hasSearch": false
  }
}
2025-11-03 11:56:28:5628 [debug]: Fetching all categories with pagination
{
  "operation": "getAllCategories",
  "data": {
    "page": 1,
    "limit": 50,
    "hasSearch": false
  },
  "skip": 0,
  "limit": 50
}
2025-11-03 11:56:28:5628 [debug]: Service counts calculated for all categories
{
  "operation": "getAllCategories",
  "data": {
    "page": 1,
    "limit": 50,
    "hasSearch": false
  },
  "processedCategories": 1
}
2025-11-03 11:56:28:5628 [info]: All categories retrieved successfully
{
  "operation": "getAllCategories",
  "data": {
    "page": 1,
    "limit": 50,
    "hasSearch": false
  },
  "totalCategories": 1,
  "returnedCategories": 1
}
2025-11-03 11:56:28:5628 [info]: Categories retrieved successfully
{
  "operation": "getAllCategories",
  "page": 1,
  "limit": 50,
  "totalCategories": 1
}
2025-11-03 11:56:28:5628 [http]: ::1 - - [03/Nov/2025:06:26:28 +0000] "GET /api/admin/categories?page=1&limit=50 HTTP/1.1" 200 466 "http://localhost:5173/" "Mozilla/5.0 (Windows NT 10.0; Win64; x64) AppleWebKit/537.36 (KHTML, like Gecko) Chrome/141.0.0.0 Safari/537.36"
2025-11-03 11:56:28:5628 [http]: Request completed
{
  "method": "GET",
  "url": "/?page=1&limit=50",
  "statusCode": 200,
  "duration": "175ms",
  "contentLength": "466"
}
2025-11-03 11:56:28:5628 [debug]: Categories retrieved from repository
{
  "operation": "getAllCategories",
  "data": {
    "page": 1,
    "limit": 50,
    "hasSearch": false
  },
  "categoriesCount": 1,
  "totalCount": 1
}
2025-11-03 11:56:28:5628 [debug]: Counting services for each category
{
  "operation": "getAllCategories",
  "data": {
    "page": 1,
    "limit": 50,
    "hasSearch": false
  },
  "categoriesToProcess": 1
}
2025-11-03 11:56:28:5628 [debug]: Categories retrieved from repository
{
  "operation": "getAllCategories",
  "data": {
    "page": 1,
    "limit": 50,
    "hasSearch": false
  },
  "categoriesCount": 1,
  "totalCount": 1
}
2025-11-03 11:56:28:5628 [debug]: Counting services for each category
{
  "operation": "getAllCategories",
  "data": {
    "page": 1,
    "limit": 50,
    "hasSearch": false
  },
  "categoriesToProcess": 1
}
2025-11-03 11:56:28:5628 [debug]: Categories retrieved from repository
{
  "operation": "getAllCategories",
  "data": {
    "page": 1,
    "limit": 50,
    "hasSearch": false
  },
  "categoriesCount": 1,
  "totalCount": 1
}
2025-11-03 11:56:28:5628 [debug]: Counting services for each category
{
  "operation": "getAllCategories",
  "data": {
    "page": 1,
    "limit": 50,
    "hasSearch": false
  },
  "categoriesToProcess": 1
}
2025-11-03 11:56:28:5628 [debug]: Service counts calculated for all categories
{
  "operation": "getAllCategories",
  "data": {
    "page": 1,
    "limit": 50,
    "hasSearch": false
  },
  "processedCategories": 1
}
2025-11-03 11:56:28:5628 [info]: All categories retrieved successfully
{
  "operation": "getAllCategories",
  "data": {
    "page": 1,
    "limit": 50,
    "hasSearch": false
  },
  "totalCategories": 1,
  "returnedCategories": 1
}
2025-11-03 11:56:28:5628 [info]: Categories retrieved successfully
{
  "operation": "getAllCategories",
  "page": 1,
  "limit": 50,
  "totalCategories": 1
}
2025-11-03 11:56:28:5628 [http]: ::1 - - [03/Nov/2025:06:26:28 +0000] "GET /api/admin/categories?page=1&limit=50 HTTP/1.1" 200 466 "http://localhost:5173/" "Mozilla/5.0 (Windows NT 10.0; Win64; x64) AppleWebKit/537.36 (KHTML, like Gecko) Chrome/141.0.0.0 Safari/537.36"
2025-11-03 11:56:28:5628 [http]: Request completed
{
  "method": "GET",
  "url": "/?page=1&limit=50",
  "statusCode": 200,
  "duration": "154ms",
  "contentLength": "466"
}
2025-11-03 11:56:28:5628 [debug]: Service counts calculated for all categories
{
  "operation": "getAllCategories",
  "data": {
    "page": 1,
    "limit": 50,
    "hasSearch": false
  },
  "processedCategories": 1
}
2025-11-03 11:56:28:5628 [info]: All categories retrieved successfully
{
  "operation": "getAllCategories",
  "data": {
    "page": 1,
    "limit": 50,
    "hasSearch": false
  },
  "totalCategories": 1,
  "returnedCategories": 1
}
2025-11-03 11:56:28:5628 [info]: Categories retrieved successfully
{
  "operation": "getAllCategories",
  "page": 1,
  "limit": 50,
  "totalCategories": 1
}
2025-11-03 11:56:28:5628 [http]: ::1 - - [03/Nov/2025:06:26:28 +0000] "GET /api/admin/categories?page=1&limit=50 HTTP/1.1" 200 466 "http://localhost:5173/" "Mozilla/5.0 (Windows NT 10.0; Win64; x64) AppleWebKit/537.36 (KHTML, like Gecko) Chrome/141.0.0.0 Safari/537.36"
2025-11-03 11:56:28:5628 [http]: Request completed
{
  "method": "GET",
  "url": "/?page=1&limit=50",
  "statusCode": 200,
  "duration": "148ms",
  "contentLength": "466"
}
2025-11-03 11:56:28:5628 [debug]: Service counts calculated for all categories
{
  "operation": "getAllCategories",
  "data": {
    "page": 1,
    "limit": 50,
    "hasSearch": false
  },
  "processedCategories": 1
}
2025-11-03 11:56:28:5628 [info]: All categories retrieved successfully
{
  "operation": "getAllCategories",
  "data": {
    "page": 1,
    "limit": 50,
    "hasSearch": false
  },
  "totalCategories": 1,
  "returnedCategories": 1
}
2025-11-03 11:56:28:5628 [info]: Categories retrieved successfully
{
  "operation": "getAllCategories",
  "page": 1,
  "limit": 50,
  "totalCategories": 1
}
2025-11-03 11:56:28:5628 [http]: ::1 - - [03/Nov/2025:06:26:28 +0000] "GET /api/admin/categories?page=1&limit=50 HTTP/1.1" 200 466 "http://localhost:5173/" "Mozilla/5.0 (Windows NT 10.0; Win64; x64) AppleWebKit/537.36 (KHTML, like Gecko) Chrome/141.0.0.0 Safari/537.36"
2025-11-03 11:56:28:5628 [http]: Request completed
{
  "method": "GET",
  "url": "/?page=1&limit=50",
  "statusCode": 200,
  "duration": "153ms",
  "contentLength": "466"
}
2025-11-03 11:56:30:5630 [http]: Incoming request
{
  "method": "OPTIONS",
  "url": "/api/admin/services/slug/ac-repair",
  "ip": "::1",
  "userAgent": "Mozilla/5.0 (Windows NT 10.0; Win64; x64) AppleWebKit/537.36 (KHTML, like Gecko) Chrome/141.0.0.0 Safari/537.36",
  "query": {}
}
2025-11-03 11:56:30:5630 [http]: ::1 - - [03/Nov/2025:06:26:30 +0000] "OPTIONS /api/admin/services/slug/ac-repair HTTP/1.1" 204 0 "http://localhost:5173/" "Mozilla/5.0 (Windows NT 10.0; Win64; x64) AppleWebKit/537.36 (KHTML, like Gecko) Chrome/141.0.0.0 Safari/537.36"
2025-11-03 11:56:30:5630 [http]: Request completed
{
  "method": "OPTIONS",
  "url": "/api/admin/services/slug/ac-repair",
  "statusCode": 204,
  "duration": "10ms",
  "contentLength": "0"
}
2025-11-03 11:56:30:5630 [http]: Incoming request
{
  "method": "GET",
  "url": "/api/admin/services/slug/ac-repair",
  "ip": "::1",
  "userAgent": "Mozilla/5.0 (Windows NT 10.0; Win64; x64) AppleWebKit/537.36 (KHTML, like Gecko) Chrome/141.0.0.0 Safari/537.36",
  "query": {}
}
2025-11-03 11:56:30:5630 [info]: Fetching service by slug
{
  "operation": "getServiceBySlug",
  "slug": "ac-repair"
}
2025-11-03 11:56:30:5630 [info]: Fetching service by slug
{
  "operation": "getServiceBySlug",
  "data": {
    "slug": "ac-repair"
  }
}
2025-11-03 11:56:30:5630 [http]: Incoming request
{
  "method": "OPTIONS",
  "url": "/api/admin/services/slug/ac-repair",
  "ip": "::1",
  "userAgent": "Mozilla/5.0 (Windows NT 10.0; Win64; x64) AppleWebKit/537.36 (KHTML, like Gecko) Chrome/141.0.0.0 Safari/537.36",
  "query": {}
}
2025-11-03 11:56:30:5630 [http]: ::1 - - [03/Nov/2025:06:26:30 +0000] "OPTIONS /api/admin/services/slug/ac-repair HTTP/1.1" 204 0 "http://localhost:5173/" "Mozilla/5.0 (Windows NT 10.0; Win64; x64) AppleWebKit/537.36 (KHTML, like Gecko) Chrome/141.0.0.0 Safari/537.36"
2025-11-03 11:56:30:5630 [http]: Request completed
{
  "method": "OPTIONS",
  "url": "/api/admin/services/slug/ac-repair",
  "statusCode": 204,
  "duration": "6ms",
  "contentLength": "0"
}
2025-11-03 11:56:30:5630 [http]: Incoming request
{
  "method": "GET",
  "url": "/api/admin/services/slug/ac-repair",
  "ip": "::1",
  "userAgent": "Mozilla/5.0 (Windows NT 10.0; Win64; x64) AppleWebKit/537.36 (KHTML, like Gecko) Chrome/141.0.0.0 Safari/537.36",
  "query": {}
}
2025-11-03 11:56:30:5630 [info]: Fetching service by slug
{
  "operation": "getServiceBySlug",
  "slug": "ac-repair"
}
2025-11-03 11:56:30:5630 [info]: Fetching service by slug
{
  "operation": "getServiceBySlug",
  "data": {
    "slug": "ac-repair"
  }
}
2025-11-03 11:56:30:5630 [info]: Service retrieved successfully by slug
{
  "operation": "getServiceBySlug",
  "data": {
    "slug": "ac-repair"
  },
  "serviceId": "68ff2a6e5af9a578244b0fa3",
  "serviceName": "AC Repair"
}
2025-11-03 11:56:30:5630 [info]: Service retrieved by slug successfully
{
  "operation": "getServiceBySlug",
  "slug": "ac-repair",
  "serviceId": "68ff2a6e5af9a578244b0fa3",
  "serviceName": "AC Repair"
}
2025-11-03 11:56:30:5630 [http]: ::1 - - [03/Nov/2025:06:26:30 +0000] "GET /api/admin/services/slug/ac-repair HTTP/1.1" 200 894 "http://localhost:5173/" "Mozilla/5.0 (Windows NT 10.0; Win64; x64) AppleWebKit/537.36 (KHTML, like Gecko) Chrome/141.0.0.0 Safari/537.36"
2025-11-03 11:56:30:5630 [http]: Request completed
{
  "method": "GET",
  "url": "/slug/ac-repair",
  "statusCode": 200,
  "duration": "61ms",
  "contentLength": "894"
}
2025-11-03 11:56:30:5630 [info]: Service retrieved successfully by slug
{
  "operation": "getServiceBySlug",
  "data": {
    "slug": "ac-repair"
  },
  "serviceId": "68ff2a6e5af9a578244b0fa3",
  "serviceName": "AC Repair"
}
2025-11-03 11:56:30:5630 [info]: Service retrieved by slug successfully
{
  "operation": "getServiceBySlug",
  "slug": "ac-repair",
  "serviceId": "68ff2a6e5af9a578244b0fa3",
  "serviceName": "AC Repair"
}
2025-11-03 11:56:30:5630 [http]: ::1 - - [03/Nov/2025:06:26:30 +0000] "GET /api/admin/services/slug/ac-repair HTTP/1.1" 200 894 "http://localhost:5173/" "Mozilla/5.0 (Windows NT 10.0; Win64; x64) AppleWebKit/537.36 (KHTML, like Gecko) Chrome/141.0.0.0 Safari/537.36"
2025-11-03 11:56:30:5630 [http]: Request completed
{
  "method": "GET",
  "url": "/slug/ac-repair",
  "statusCode": 200,
  "duration": "54ms",
  "contentLength": "894"
}
2025-11-03 11:56:30:5630 [http]: Incoming request
{
  "method": "OPTIONS",
  "url": "/api/user/location",
  "ip": "::1",
  "userAgent": "Mozilla/5.0 (Windows NT 10.0; Win64; x64) AppleWebKit/537.36 (KHTML, like Gecko) Chrome/141.0.0.0 Safari/537.36",
  "query": {}
}
2025-11-03 11:56:30:5630 [http]: ::1 - - [03/Nov/2025:06:26:30 +0000] "OPTIONS /api/user/location HTTP/1.1" 204 0 "http://localhost:5173/" "Mozilla/5.0 (Windows NT 10.0; Win64; x64) AppleWebKit/537.36 (KHTML, like Gecko) Chrome/141.0.0.0 Safari/537.36"
2025-11-03 11:56:30:5630 [http]: Request completed
{
  "method": "OPTIONS",
  "url": "/api/user/location",
  "statusCode": 204,
  "duration": "3ms",
  "contentLength": "0"
}
2025-11-03 11:56:30:5630 [http]: Incoming request
{
  "method": "GET",
  "url": "/api/user/location",
  "ip": "::1",
  "userAgent": "Mozilla/5.0 (Windows NT 10.0; Win64; x64) AppleWebKit/537.36 (KHTML, like Gecko) Chrome/141.0.0.0 Safari/537.36",
  "query": {}
}
2025-11-03 11:56:30:5630 [http]: Incoming request
{
  "method": "OPTIONS",
  "url": "/api/admin/technicians/public?service=AC+Repair&page=1&limit=6",
  "ip": "::1",
  "userAgent": "Mozilla/5.0 (Windows NT 10.0; Win64; x64) AppleWebKit/537.36 (KHTML, like Gecko) Chrome/141.0.0.0 Safari/537.36",
  "query": {
    "service": "AC Repair",
    "page": "1",
    "limit": "6"
  }
}
2025-11-03 11:56:30:5630 [http]: ::1 - - [03/Nov/2025:06:26:30 +0000] "OPTIONS /api/admin/technicians/public?service=AC+Repair&page=1&limit=6 HTTP/1.1" 204 0 "http://localhost:5173/" "Mozilla/5.0 (Windows NT 10.0; Win64; x64) AppleWebKit/537.36 (KHTML, like Gecko) Chrome/141.0.0.0 Safari/537.36"
2025-11-03 11:56:30:5630 [http]: Request completed
{
  "method": "OPTIONS",
  "url": "/api/admin/technicians/public?service=AC+Repair&page=1&limit=6",
  "statusCode": 204,
  "duration": "6ms",
  "contentLength": "0"
}
2025-11-03 11:56:30:5630 [http]: Incoming request
{
  "method": "GET",
  "url": "/api/admin/technicians/public?service=AC+Repair&page=1&limit=6",
  "ip": "::1",
  "userAgent": "Mozilla/5.0 (Windows NT 10.0; Win64; x64) AppleWebKit/537.36 (KHTML, like Gecko) Chrome/141.0.0.0 Safari/537.36",
  "query": {
    "service": "AC Repair",
    "page": "1",
    "limit": "6"
  }
}
2025-11-03 11:56:30:5630 [info]: Fetching public technicians
{
  "operation": "getPublicTechnicians",
  "serviceFilter": "AC Repair"
}
2025-11-03 11:56:30:5630 [debug]: Calling service to get public technicians
{
  "operation": "getPublicTechnicians",
  "serviceFilter": "AC Repair",
  "filters": {
    "status": "approved",
    "service": "AC Repair"
  }
}
2025-11-03 11:56:30:5630 [info]: fetching public technicians
{
  "operation": "getPublicTechnicians",
  "filters": {
    "status": "approved",
    "service": "AC Repair"
  }
}
2025-11-03 11:56:30:5630 [http]: Incoming request
{
  "method": "OPTIONS",
  "url": "/api/user/location",
  "ip": "::1",
  "userAgent": "Mozilla/5.0 (Windows NT 10.0; Win64; x64) AppleWebKit/537.36 (KHTML, like Gecko) Chrome/141.0.0.0 Safari/537.36",
  "query": {}
}
2025-11-03 11:56:30:5630 [http]: ::1 - - [03/Nov/2025:06:26:30 +0000] "OPTIONS /api/user/location HTTP/1.1" 204 0 "http://localhost:5173/" "Mozilla/5.0 (Windows NT 10.0; Win64; x64) AppleWebKit/537.36 (KHTML, like Gecko) Chrome/141.0.0.0 Safari/537.36"
2025-11-03 11:56:30:5630 [http]: Request completed
{
  "method": "OPTIONS",
  "url": "/api/user/location",
  "statusCode": 204,
  "duration": "12ms",
  "contentLength": "0"
}
2025-11-03 11:56:30:5630 [http]: Incoming request
{
  "method": "GET",
  "url": "/api/user/location",
  "ip": "::1",
  "userAgent": "Mozilla/5.0 (Windows NT 10.0; Win64; x64) AppleWebKit/537.36 (KHTML, like Gecko) Chrome/141.0.0.0 Safari/537.36",
  "query": {}
}
2025-11-03 11:56:30:5630 [http]: Incoming request
{
  "method": "OPTIONS",
  "url": "/api/admin/technicians/public?service=AC+Repair&page=1&limit=6",
  "ip": "::1",
  "userAgent": "Mozilla/5.0 (Windows NT 10.0; Win64; x64) AppleWebKit/537.36 (KHTML, like Gecko) Chrome/141.0.0.0 Safari/537.36",
  "query": {
    "service": "AC Repair",
    "page": "1",
    "limit": "6"
  }
}
2025-11-03 11:56:30:5630 [http]: ::1 - - [03/Nov/2025:06:26:30 +0000] "OPTIONS /api/admin/technicians/public?service=AC+Repair&page=1&limit=6 HTTP/1.1" 204 0 "http://localhost:5173/" "Mozilla/5.0 (Windows NT 10.0; Win64; x64) AppleWebKit/537.36 (KHTML, like Gecko) Chrome/141.0.0.0 Safari/537.36"
2025-11-03 11:56:30:5630 [http]: Request completed
{
  "method": "OPTIONS",
  "url": "/api/admin/technicians/public?service=AC+Repair&page=1&limit=6",
  "statusCode": 204,
  "duration": "9ms",
  "contentLength": "0"
}
2025-11-03 11:56:30:5630 [info]: Fetching user location
{
  "operation": "getUserLocation",
  "userId": "69084a5f27f3d49e658e002c"
}
2025-11-03 11:56:30:5630 [info]: Updating user location
{
  "operation": "getUserLocation",
  "userId": "69084a5f27f3d49e658e002c"
}
2025-11-03 11:56:30:5630 [http]: Incoming request
{
  "method": "GET",
  "url": "/api/admin/technicians/public?service=AC+Repair&page=1&limit=6",
  "ip": "::1",
  "userAgent": "Mozilla/5.0 (Windows NT 10.0; Win64; x64) AppleWebKit/537.36 (KHTML, like Gecko) Chrome/141.0.0.0 Safari/537.36",
  "query": {
    "service": "AC Repair",
    "page": "1",
    "limit": "6"
  }
}
2025-11-03 11:56:30:5630 [info]: Fetching public technicians
{
  "operation": "getPublicTechnicians",
  "serviceFilter": "AC Repair"
}
2025-11-03 11:56:30:5630 [debug]: Calling service to get public technicians
{
  "operation": "getPublicTechnicians",
  "serviceFilter": "AC Repair",
  "filters": {
    "status": "approved",
    "service": "AC Repair"
  }
}
2025-11-03 11:56:30:5630 [info]: fetching public technicians
{
  "operation": "getPublicTechnicians",
  "filters": {
    "status": "approved",
    "service": "AC Repair"
  }
}
2025-11-03 11:56:30:5630 [info]: Fetching user location
{
  "operation": "getUserLocation",
  "userId": "69084a5f27f3d49e658e002c"
}
2025-11-03 11:56:30:5630 [info]: Updating user location
{
  "operation": "getUserLocation",
  "userId": "69084a5f27f3d49e658e002c"
}
2025-11-03 11:56:30:5630 [info]: User location found
{
  "operation": "getUserLocation",
  "userId": "69084a5f27f3d49e658e002c",
  "data": {
    "location": {
      "type": "Point",
      "coordinates": [
        76.23275756835939,
        10.90208770407582
      ]
    },
    "address": {
      "street": "Elamkulam",
      "city": "Elamkulam",
      "state": "Kerala",
      "pincode": "679340",
      "landmark": ""
    },
    "_id": "69084a976e4c9bc187aea867",
    "userId": "69084a5f27f3d49e658e002c",
    "__v": 0,
    "createdAt": "2025-11-03T06:24:23.432Z",
    "lastUpdated": "2025-11-03T06:24:23.431Z",
    "updatedAt": "2025-11-03T06:24:23.432Z"
  }
}
2025-11-03 11:56:30:5630 [info]: User location retrieved successfully
{
  "operation": "getUserLocation",
  "userId": "69084a5f27f3d49e658e002c",
  "hasLocation": true
}
2025-11-03 11:56:30:5630 [http]: ::1 - - [03/Nov/2025:06:26:30 +0000] "GET /api/user/location HTTP/1.1" 200 403 "http://localhost:5173/" "Mozilla/5.0 (Windows NT 10.0; Win64; x64) AppleWebKit/537.36 (KHTML, like Gecko) Chrome/141.0.0.0 Safari/537.36"
2025-11-03 11:56:30:5630 [http]: Request completed
{
  "method": "GET",
  "url": "/location",
  "statusCode": 200,
  "duration": "147ms",
  "contentLength": "403"
}
2025-11-03 11:56:30:5630 [http]: Incoming request
{
  "method": "OPTIONS",
  "url": "/api/user/nearby-technicians?lat=10.90208770407582&lng=76.23275756835939&radius=50&serviceName=AC+Repair&page=1&limit=6",
  "ip": "::1",
  "userAgent": "Mozilla/5.0 (Windows NT 10.0; Win64; x64) AppleWebKit/537.36 (KHTML, like Gecko) Chrome/141.0.0.0 Safari/537.36",
  "query": {
    "lat": "10.90208770407582",
    "lng": "76.23275756835939",
    "radius": "50",
    "serviceName": "AC Repair",
    "page": "1",
    "limit": "6"
  }
}
2025-11-03 11:56:30:5630 [http]: ::1 - - [03/Nov/2025:06:26:30 +0000] "OPTIONS /api/user/nearby-technicians?lat=10.90208770407582&lng=76.23275756835939&radius=50&serviceName=AC+Repair&page=1&limit=6 HTTP/1.1" 204 0 "http://localhost:5173/" "Mozilla/5.0 (Windows NT 10.0; Win64; x64) AppleWebKit/537.36 (KHTML, like Gecko) Chrome/141.0.0.0 Safari/537.36"
2025-11-03 11:56:30:5630 [http]: Request completed
{
  "method": "OPTIONS",
  "url": "/api/user/nearby-technicians?lat=10.90208770407582&lng=76.23275756835939&radius=50&serviceName=AC+Repair&page=1&limit=6",
  "statusCode": 204,
  "duration": "90ms",
  "contentLength": "0"
}
2025-11-03 11:56:30:5630 [http]: Incoming request
{
  "method": "GET",
  "url": "/api/user/nearby-technicians?lat=10.90208770407582&lng=76.23275756835939&radius=50&serviceName=AC+Repair&page=1&limit=6",
  "ip": "::1",
  "userAgent": "Mozilla/5.0 (Windows NT 10.0; Win64; x64) AppleWebKit/537.36 (KHTML, like Gecko) Chrome/141.0.0.0 Safari/537.36",
  "query": {
    "lat": "10.90208770407582",
    "lng": "76.23275756835939",
    "radius": "50",
    "serviceName": "AC Repair",
    "page": "1",
    "limit": "6"
  }
}
2025-11-03 11:56:30:5630 [info]: Finding nearby technicians
{
  "operation": "getNearbyTechnicians",
  "latitude": "10.90208770407582",
  "longitude": "76.23275756835939",
  "radius": "50",
  "serviceName": "AC Repair"
}
2025-11-03 11:56:30:5630 [debug]: Searching for technicians with parameters
{
  "operation": "getNearbyTechnicians",
  "latitude": "10.90208770407582",
  "longitude": "76.23275756835939",
  "radius": "50",
  "serviceName": "AC Repair",
  "parsedCoordinates": [
    76.23275756835939,
    10.90208770407582
  ],
  "parsedRadius": 50
}
2025-11-03 11:56:30:5630 [info]: Finding technicaians nearby
{
  "operation": "findTechniciansNearby",
  "userCoordinates": [
    76.23275756835939,
    10.90208770407582
  ],
  "radiusKm": 50,
  "serviceName": "AC Repair"
}
2025-11-03 11:56:30:5630 [info]: User location found
{
  "operation": "getUserLocation",
  "userId": "69084a5f27f3d49e658e002c",
  "data": {
    "location": {
      "type": "Point",
      "coordinates": [
        76.23275756835939,
        10.90208770407582
      ]
    },
    "address": {
      "street": "Elamkulam",
      "city": "Elamkulam",
      "state": "Kerala",
      "pincode": "679340",
      "landmark": ""
    },
    "_id": "69084a976e4c9bc187aea867",
    "userId": "69084a5f27f3d49e658e002c",
    "__v": 0,
    "createdAt": "2025-11-03T06:24:23.432Z",
    "lastUpdated": "2025-11-03T06:24:23.431Z",
    "updatedAt": "2025-11-03T06:24:23.432Z"
  }
}
2025-11-03 11:56:30:5630 [info]: User location retrieved successfully
{
  "operation": "getUserLocation",
  "userId": "69084a5f27f3d49e658e002c",
  "hasLocation": true
}
2025-11-03 11:56:30:5630 [http]: ::1 - - [03/Nov/2025:06:26:30 +0000] "GET /api/user/location HTTP/1.1" 200 403 "http://localhost:5173/" "Mozilla/5.0 (Windows NT 10.0; Win64; x64) AppleWebKit/537.36 (KHTML, like Gecko) Chrome/141.0.0.0 Safari/537.36"
2025-11-03 11:56:30:5630 [http]: Request completed
{
  "method": "GET",
  "url": "/location",
  "statusCode": 200,
  "duration": "222ms",
  "contentLength": "403"
}
2025-11-03 11:56:30:5630 [info]: Get public technicians with pagination
{
  "operation": "getPublicTechnicians",
  "filters": {
    "status": "approved",
    "services": {
      "$in": [
        "AC Repair"
      ]
    }
  },
  "skip": 0,
  "limit": 10
}
2025-11-03 11:56:30:5630 [http]: Incoming request
{
  "method": "OPTIONS",
  "url": "/api/user/nearby-technicians?lat=10.90208770407582&lng=76.23275756835939&radius=50&serviceName=AC+Repair&page=1&limit=6",
  "ip": "::1",
  "userAgent": "Mozilla/5.0 (Windows NT 10.0; Win64; x64) AppleWebKit/537.36 (KHTML, like Gecko) Chrome/141.0.0.0 Safari/537.36",
  "query": {
    "lat": "10.90208770407582",
    "lng": "76.23275756835939",
    "radius": "50",
    "serviceName": "AC Repair",
    "page": "1",
    "limit": "6"
  }
}
2025-11-03 11:56:30:5630 [http]: ::1 - - [03/Nov/2025:06:26:30 +0000] "OPTIONS /api/user/nearby-technicians?lat=10.90208770407582&lng=76.23275756835939&radius=50&serviceName=AC+Repair&page=1&limit=6 HTTP/1.1" 204 0 "http://localhost:5173/" "Mozilla/5.0 (Windows NT 10.0; Win64; x64) AppleWebKit/537.36 (KHTML, like Gecko) Chrome/141.0.0.0 Safari/537.36"
2025-11-03 11:56:30:5630 [http]: Request completed
{
  "method": "OPTIONS",
  "url": "/api/user/nearby-technicians?lat=10.90208770407582&lng=76.23275756835939&radius=50&serviceName=AC+Repair&page=1&limit=6",
  "statusCode": 204,
  "duration": "11ms",
  "contentLength": "0"
}
2025-11-03 11:56:30:5630 [http]: Incoming request
{
  "method": "GET",
  "url": "/api/user/nearby-technicians?lat=10.90208770407582&lng=76.23275756835939&radius=50&serviceName=AC+Repair&page=1&limit=6",
  "ip": "::1",
  "userAgent": "Mozilla/5.0 (Windows NT 10.0; Win64; x64) AppleWebKit/537.36 (KHTML, like Gecko) Chrome/141.0.0.0 Safari/537.36",
  "query": {
    "lat": "10.90208770407582",
    "lng": "76.23275756835939",
    "radius": "50",
    "serviceName": "AC Repair",
    "page": "1",
    "limit": "6"
  }
}
2025-11-03 11:56:31:5631 [info]: Finding nearby technicians
{
  "operation": "getNearbyTechnicians",
  "latitude": "10.90208770407582",
  "longitude": "76.23275756835939",
  "radius": "50",
  "serviceName": "AC Repair"
}
2025-11-03 11:56:31:5631 [debug]: Searching for technicians with parameters
{
  "operation": "getNearbyTechnicians",
  "latitude": "10.90208770407582",
  "longitude": "76.23275756835939",
  "radius": "50",
  "serviceName": "AC Repair",
  "parsedCoordinates": [
    76.23275756835939,
    10.90208770407582
  ],
  "parsedRadius": 50
}
2025-11-03 11:56:31:5631 [info]: Finding technicaians nearby
{
  "operation": "findTechniciansNearby",
  "userCoordinates": [
    76.23275756835939,
    10.90208770407582
  ],
  "radiusKm": 50,
  "serviceName": "AC Repair"
}
2025-11-03 11:56:31:5631 [info]: Nearby techncins found
{
  "operation": "findTechniciansNearby",
  "userCoordinates": [
    76.23275756835939,
    10.90208770407582
  ],
  "radiusKm": 50,
  "serviceName": "AC Repair",
  "data": [
    {
      "_id": "6904bbf28d4f2b96261e135e",
      "userId": "6904bb6a8d4f2b96261e1302",
      "displayName": "Imana",
      "experienceYears": 3,
      "services": [
        "Refrigerator",
        "AC Repair",
        "TV Repair"
      ],
      "workAreas": [
        "Kannur"
      ],
      "personalInfo": {
        "fullName": "Imana",
        "gender": "female",
        "phoneNumber": "5678987654",
        "dateOfBirth": "2004-06-30T00:00:00.000Z",
        "address": {
          "street": "Vandumthara",
          "city": "Mulayankavu",
          "state": "Kerala",
          "pincode": "679337"
        },
        "languages": [
          "English",
          "Malayalam"
        ]
      },
      "currentLocation": {
        "type": "Point",
        "coordinates": [
          76.22703552071471,
          10.859887730143791
        ]
      },
      "averageRating": 0,
      "ratingCount": 0,
      "profilePictureUrl": "https://res.cloudinary.com/dyn2dphv0/image/upload/v1761917934/technician-documents/file_usv77w.png",
      "distance": 4733.839681084612,
      "isNearby": true,
      "hasLocation": true
    },
    {
      "_id": "69033f0a94cc371dc9eea2de",
      "userId": "69033bfa94cc371dc9eea104",
      "displayName": "Rom",
      "experienceYears": 2,
      "services": [
        "AC Repair",
        "Refrigerator",
        "Washing Machine",
        "Fan Repair"
      ],
      "workAreas": [
        "Kannur",
        "Thiruvananthapuram"
      ],
      "personalInfo": {
        "fullName": "Rom",
        "gender": "male",
        "phoneNumber": "7484393991",
        "dateOfBirth": "2007-10-09T00:00:00.000Z",
        "address": {
          "street": "Puthiya Road",
          "city": "Puthiya Road",
          "state": "Kerala",
          "pincode": "679307"
        },
        "languages": [
          "English",
          "Hindi"
        ]
      },
      "currentLocation": {
        "type": "Point",
        "coordinates": [
          76.21353149414064,
          10.85387472741288
        ]
      },
      "averageRating": 0,
      "ratingCount": 0,
      "profilePictureUrl": "https://res.cloudinary.com/dyn2dphv0/image/upload/v1761820422/technician-documents/file_ymup2y.jpg",
      "distance": 5757.458563462541,
      "isNearby": true,
      "hasLocation": true
    },
    {
      "_id": "69055e480ffeba2c82b9211a",
      "userId": "69055da20ffeba2c82b91ecb",
      "displayName": "Kiya",
      "experienceYears": 4,
      "services": [
        "Refrigerator",
        "AC Installation",
        "AC Repair"
      ],
      "workAreas": [
        "Kannur",
        "Thiruvananthapuram"
      ],
      "personalInfo": {
        "fullName": "Kiya",
        "gender": "female",
        "phoneNumber": "8766789997",
        "dateOfBirth": "2003-05-12T00:00:00.000Z",
        "address": {
          "street": "Cherpulassery-Panniamkurushi Road",
          "city": "Cherpulassery",
          "state": "Kerala",
          "pincode": "679506"
        },
        "languages": [
          "English",
          "Hindi",
          "Malayalam"
        ]
      },
      "currentLocation": {
        "type": "Point",
        "coordinates": [
          76.23939513985535,
          10.839712793186058
        ]
      },
      "averageRating": 0,
      "ratingCount": 0,
      "profilePictureUrl": "https://res.cloudinary.com/dyn2dphv0/image/upload/v1761961446/technician-documents/file_djyk53.jpg",
      "distance": 6973.544231839464,
      "isNearby": true,
      "hasLocation": true
    },
    {
      "_id": "69045a540dca810266755a67",
      "userId": "690459610dca810266755a11",
      "displayName": "Charlie",
      "experienceYears": 4,
      "services": [
        "AC Repair",
        "Fan Repair",
        "Washing Machine"
      ],
      "workAreas": [
        "Kannur",
        "Thiruvananthapuram",
        "Kochi"
      ],
      "personalInfo": {
        "fullName": "Charlie",
        "gender": "male",
        "phoneNumber": "5678987654",
        "dateOfBirth": "2007-10-02T00:00:00.000Z",
        "address": {
          "street": "Perumbilavu-Nilambur Road",
          "city": "Koppam",
          "state": "Kerala",
          "pincode": "679307"
        },
        "languages": [
          "Hindi",
          "Malayalam"
        ]
      },
      "currentLocation": {
        "type": "Point",
        "coordinates": [
          76.18732452043334,
          10.851514451625107
        ]
      },
      "averageRating": 0,
      "ratingCount": 0,
      "profilePictureUrl": "https://res.cloudinary.com/dyn2dphv0/image/upload/v1761893130/technician-documents/file_i0j25e.jpg",
      "distance": 7499.120732994992,
      "isNearby": true,
      "hasLocation": true
    },
    {
      "_id": "6904207f5ccc789643b6bb0f",
      "userId": "69041b985ccc789643b6baad",
      "displayName": "Bob",
      "experienceYears": 2,
      "services": [
        "AC Repair",
        "Refrigerator"
      ],
      "workAreas": [
        "Kannur",
        "Thiruvananthapuram"
      ],
      "personalInfo": {
        "fullName": "Bob",
        "gender": "male",
        "phoneNumber": "5678987651",
        "dateOfBirth": "2007-09-30T00:00:00.000Z",
        "address": {
          "street": "Mundakottukurushi",
          "city": "Mundakottukurushi",
          "state": "Kerala",
          "pincode": "679335"
        },
        "languages": [
          "English",
          "Tamil"
        ]
      },
      "currentLocation": {
        "type": "Point",
        "coordinates": [
          76.2890052777948,
          10.843140941102224
        ]
      },
      "averageRating": 0,
      "ratingCount": 0,
      "profilePictureUrl": "https://res.cloudinary.com/dyn2dphv0/image/upload/v1761878128/technician-documents/file_xol5fc.jpg",
      "distance": 8982.704325775974,
      "isNearby": true,
      "hasLocation": true
    },
    {
      "_id": "6904611f0dca810266755c05",
      "userId": "69045c510dca810266755b77",
      "displayName": "Emilie",
      "experienceYears": 2,
      "services": [
        "AC Repair",
        "Refrigerator",
        "Microwave Oven"
      ],
      "workAreas": [
        "Kannur",
        "Malappuram",
        "Kollam"
      ],
      "personalInfo": {
        "fullName": "Emilie",
        "gender": "female",
        "phoneNumber": "5678987654",
        "dateOfBirth": "2003-10-21T00:00:00.000Z",
        "address": {
          "street": "Kunniyankunnu Colony",
          "city": "Vengad",
          "state": "Kerala",
          "pincode": "576552"
        },
        "languages": [
          "English",
          "Tamil"
        ]
      },
      "currentLocation": {
        "type": "Point",
        "coordinates": [
          76.12106323154877,
          10.91118997767666
        ]
      },
      "averageRating": 0,
      "ratingCount": 0,
      "profilePictureUrl": "https://res.cloudinary.com/dyn2dphv0/image/upload/v1761894635/technician-documents/file_ue0njv.jpg",
      "distance": 12237.428369533074,
      "isNearby": true,
      "hasLocation": true
    },
    {
      "_id": "690463000dca810266755c77",
      "userId": "690461610dca810266755c1b",
      "displayName": "Federic",
      "experienceYears": 3,
      "services": [
        "AC Repair",
        "AC Installation"
      ],
      "workAreas": [
        "Kannur",
        "Kochi"
      ],
      "personalInfo": {
        "fullName": "Federic",
        "gender": "male",
        "phoneNumber": "5678987654",
        "dateOfBirth": "2006-06-29T00:00:00.000Z",
        "address": {
          "street": "Ezumangad - Karukaputhur",
          "city": "Peringannur",
          "state": "Kerala",
          "pincode": "679532"
        },
        "languages": [
          "English",
          "Tamil",
          "Malayalam"
        ]
      },
      "currentLocation": {
        "type": "Point",
        "coordinates": [
          76.19064330880066,
          10.759786482837015
        ]
      },
      "averageRating": 0,
      "ratingCount": 0,
      "profilePictureUrl": "https://res.cloudinary.com/dyn2dphv0/image/upload/v1761895164/technician-documents/file_q1rf2j.jpg",
      "distance": 16478.1051384512,
      "isNearby": true,
      "hasLocation": true
    },
    {
      "_id": "6904c0586d2d8bcb9cc12c47",
      "userId": "6904be93f62d1286f5b1db09",
      "displayName": "Jacob",
      "experienceYears": 2,
      "services": [
        "AC Repair",
        "AC Installation"
      ],
      "workAreas": [
        "Kannur",
        "Thiruvananthapuram"
      ],
      "personalInfo": {
        "fullName": "Jacob",
        "gender": "male",
        "phoneNumber": "8766789997",
        "dateOfBirth": "2003-06-26T00:00:00.000Z",
        "address": {
          "street": "Kaivelikkal Kanthapalli Road",
          "city": "Panoor",
          "state": "Kerala",
          "pincode": "670692"
        },
        "languages": [
          "English",
          "Hindi"
        ]
      },
      "currentLocation": {
        "type": "Point",
        "coordinates": [
          75.60607904568316,
          11.775947798478454
        ]
      },
      "averageRating": 0,
      "ratingCount": 0,
      "profilePictureUrl": "https://res.cloudinary.com/dyn2dphv0/image/upload/v1761919058/technician-documents/file_zuebsl.jpg",
      "distance": 118784.47014138133,
      "isNearby": false,
      "hasLocation": true
    }
  ],
  "count": 8
}
2025-11-03 11:56:31:5631 [info]: Nearby technicians found successfully
{
  "operation": "getNearbyTechnicians",
  "latitude": "10.90208770407582",
  "longitude": "76.23275756835939",
  "radius": "50",
  "serviceName": "AC Repair",
  "technicianCount": 8
}
2025-11-03 11:56:31:5631 [http]: ::1 - - [03/Nov/2025:06:26:31 +0000] "GET /api/user/nearby-technicians?lat=10.90208770407582&lng=76.23275756835939&radius=50&serviceName=AC+Repair&page=1&limit=6 HTTP/1.1" 200 6205 "http://localhost:5173/" "Mozilla/5.0 (Windows NT 10.0; Win64; x64) AppleWebKit/537.36 (KHTML, like Gecko) Chrome/141.0.0.0 Safari/537.36"
2025-11-03 11:56:31:5631 [http]: Request completed
{
  "method": "GET",
  "url": "/nearby-technicians?lat=10.90208770407582&lng=76.23275756835939&radius=50&serviceName=AC+Repair&page=1&limit=6",
  "statusCode": 200,
  "duration": "124ms",
  "contentLength": "6205"
}
2025-11-03 11:56:31:5631 [debug]: Converting technician to admin view
{
  "operation": "convertToAdminTechnician",
  "technicianId": "69055e480ffeba2c82b9211a"
}
2025-11-03 11:56:31:5631 [debug]: Converting technician to admin view
{
  "operation": "convertToAdminTechnician",
  "technicianId": "6904c0586d2d8bcb9cc12c47"
}
2025-11-03 11:56:31:5631 [debug]: Converting technician to admin view
{
  "operation": "convertToAdminTechnician",
  "technicianId": "6904bbf28d4f2b96261e135e"
}
2025-11-03 11:56:31:5631 [debug]: Converting technician to admin view
{
  "operation": "convertToAdminTechnician",
  "technicianId": "690463000dca810266755c77"
}
2025-11-03 11:56:31:5631 [debug]: Converting technician to admin view
{
  "operation": "convertToAdminTechnician",
  "technicianId": "6904611f0dca810266755c05"
}
2025-11-03 11:56:31:5631 [debug]: Converting technician to admin view
{
  "operation": "convertToAdminTechnician",
  "technicianId": "69045a540dca810266755a67"
}
2025-11-03 11:56:31:5631 [debug]: Converting technician to admin view
{
  "operation": "convertToAdminTechnician",
  "technicianId": "6904207f5ccc789643b6bb0f"
}
2025-11-03 11:56:31:5631 [debug]: Converting technician to admin view
{
  "operation": "convertToAdminTechnician",
  "technicianId": "69033f0a94cc371dc9eea2de"
}
2025-11-03 11:56:31:5631 [info]: Get public technicians with pagination
{
  "operation": "getPublicTechnicians",
  "filters": {
    "status": "approved",
    "services": {
      "$in": [
        "AC Repair"
      ]
    }
  },
  "skip": 0,
  "limit": 10
}
2025-11-03 11:56:31:5631 [info]: Nearby techncins found
{
  "operation": "findTechniciansNearby",
  "userCoordinates": [
    76.23275756835939,
    10.90208770407582
  ],
  "radiusKm": 50,
  "serviceName": "AC Repair",
  "data": [
    {
      "_id": "6904bbf28d4f2b96261e135e",
      "userId": "6904bb6a8d4f2b96261e1302",
      "displayName": "Imana",
      "experienceYears": 3,
      "services": [
        "Refrigerator",
        "AC Repair",
        "TV Repair"
      ],
      "workAreas": [
        "Kannur"
      ],
      "personalInfo": {
        "fullName": "Imana",
        "gender": "female",
        "phoneNumber": "5678987654",
        "dateOfBirth": "2004-06-30T00:00:00.000Z",
        "address": {
          "street": "Vandumthara",
          "city": "Mulayankavu",
          "state": "Kerala",
          "pincode": "679337"
        },
        "languages": [
          "English",
          "Malayalam"
        ]
      },
      "currentLocation": {
        "type": "Point",
        "coordinates": [
          76.22703552071471,
          10.859887730143791
        ]
      },
      "averageRating": 0,
      "ratingCount": 0,
      "profilePictureUrl": "https://res.cloudinary.com/dyn2dphv0/image/upload/v1761917934/technician-documents/file_usv77w.png",
      "distance": 4733.839681084612,
      "isNearby": true,
      "hasLocation": true
    },
    {
      "_id": "69033f0a94cc371dc9eea2de",
      "userId": "69033bfa94cc371dc9eea104",
      "displayName": "Rom",
      "experienceYears": 2,
      "services": [
        "AC Repair",
        "Refrigerator",
        "Washing Machine",
        "Fan Repair"
      ],
      "workAreas": [
        "Kannur",
        "Thiruvananthapuram"
      ],
      "personalInfo": {
        "fullName": "Rom",
        "gender": "male",
        "phoneNumber": "7484393991",
        "dateOfBirth": "2007-10-09T00:00:00.000Z",
        "address": {
          "street": "Puthiya Road",
          "city": "Puthiya Road",
          "state": "Kerala",
          "pincode": "679307"
        },
        "languages": [
          "English",
          "Hindi"
        ]
      },
      "currentLocation": {
        "type": "Point",
        "coordinates": [
          76.21353149414064,
          10.85387472741288
        ]
      },
      "averageRating": 0,
      "ratingCount": 0,
      "profilePictureUrl": "https://res.cloudinary.com/dyn2dphv0/image/upload/v1761820422/technician-documents/file_ymup2y.jpg",
      "distance": 5757.458563462541,
      "isNearby": true,
      "hasLocation": true
    },
    {
      "_id": "69055e480ffeba2c82b9211a",
      "userId": "69055da20ffeba2c82b91ecb",
      "displayName": "Kiya",
      "experienceYears": 4,
      "services": [
        "Refrigerator",
        "AC Installation",
        "AC Repair"
      ],
      "workAreas": [
        "Kannur",
        "Thiruvananthapuram"
      ],
      "personalInfo": {
        "fullName": "Kiya",
        "gender": "female",
        "phoneNumber": "8766789997",
        "dateOfBirth": "2003-05-12T00:00:00.000Z",
        "address": {
          "street": "Cherpulassery-Panniamkurushi Road",
          "city": "Cherpulassery",
          "state": "Kerala",
          "pincode": "679506"
        },
        "languages": [
          "English",
          "Hindi",
          "Malayalam"
        ]
      },
      "currentLocation": {
        "type": "Point",
        "coordinates": [
          76.23939513985535,
          10.839712793186058
        ]
      },
      "averageRating": 0,
      "ratingCount": 0,
      "profilePictureUrl": "https://res.cloudinary.com/dyn2dphv0/image/upload/v1761961446/technician-documents/file_djyk53.jpg",
      "distance": 6973.544231839464,
      "isNearby": true,
      "hasLocation": true
    },
    {
      "_id": "69045a540dca810266755a67",
      "userId": "690459610dca810266755a11",
      "displayName": "Charlie",
      "experienceYears": 4,
      "services": [
        "AC Repair",
        "Fan Repair",
        "Washing Machine"
      ],
      "workAreas": [
        "Kannur",
        "Thiruvananthapuram",
        "Kochi"
      ],
      "personalInfo": {
        "fullName": "Charlie",
        "gender": "male",
        "phoneNumber": "5678987654",
        "dateOfBirth": "2007-10-02T00:00:00.000Z",
        "address": {
          "street": "Perumbilavu-Nilambur Road",
          "city": "Koppam",
          "state": "Kerala",
          "pincode": "679307"
        },
        "languages": [
          "Hindi",
          "Malayalam"
        ]
      },
      "currentLocation": {
        "type": "Point",
        "coordinates": [
          76.18732452043334,
          10.851514451625107
        ]
      },
      "averageRating": 0,
      "ratingCount": 0,
      "profilePictureUrl": "https://res.cloudinary.com/dyn2dphv0/image/upload/v1761893130/technician-documents/file_i0j25e.jpg",
      "distance": 7499.120732994992,
      "isNearby": true,
      "hasLocation": true
    },
    {
      "_id": "6904207f5ccc789643b6bb0f",
      "userId": "69041b985ccc789643b6baad",
      "displayName": "Bob",
      "experienceYears": 2,
      "services": [
        "AC Repair",
        "Refrigerator"
      ],
      "workAreas": [
        "Kannur",
        "Thiruvananthapuram"
      ],
      "personalInfo": {
        "fullName": "Bob",
        "gender": "male",
        "phoneNumber": "5678987651",
        "dateOfBirth": "2007-09-30T00:00:00.000Z",
        "address": {
          "street": "Mundakottukurushi",
          "city": "Mundakottukurushi",
          "state": "Kerala",
          "pincode": "679335"
        },
        "languages": [
          "English",
          "Tamil"
        ]
      },
      "currentLocation": {
        "type": "Point",
        "coordinates": [
          76.2890052777948,
          10.843140941102224
        ]
      },
      "averageRating": 0,
      "ratingCount": 0,
      "profilePictureUrl": "https://res.cloudinary.com/dyn2dphv0/image/upload/v1761878128/technician-documents/file_xol5fc.jpg",
      "distance": 8982.704325775974,
      "isNearby": true,
      "hasLocation": true
    },
    {
      "_id": "6904611f0dca810266755c05",
      "userId": "69045c510dca810266755b77",
      "displayName": "Emilie",
      "experienceYears": 2,
      "services": [
        "AC Repair",
        "Refrigerator",
        "Microwave Oven"
      ],
      "workAreas": [
        "Kannur",
        "Malappuram",
        "Kollam"
      ],
      "personalInfo": {
        "fullName": "Emilie",
        "gender": "female",
        "phoneNumber": "5678987654",
        "dateOfBirth": "2003-10-21T00:00:00.000Z",
        "address": {
          "street": "Kunniyankunnu Colony",
          "city": "Vengad",
          "state": "Kerala",
          "pincode": "576552"
        },
        "languages": [
          "English",
          "Tamil"
        ]
      },
      "currentLocation": {
        "type": "Point",
        "coordinates": [
          76.12106323154877,
          10.91118997767666
        ]
      },
      "averageRating": 0,
      "ratingCount": 0,
      "profilePictureUrl": "https://res.cloudinary.com/dyn2dphv0/image/upload/v1761894635/technician-documents/file_ue0njv.jpg",
      "distance": 12237.428369533074,
      "isNearby": true,
      "hasLocation": true
    },
    {
      "_id": "690463000dca810266755c77",
      "userId": "690461610dca810266755c1b",
      "displayName": "Federic",
      "experienceYears": 3,
      "services": [
        "AC Repair",
        "AC Installation"
      ],
      "workAreas": [
        "Kannur",
        "Kochi"
      ],
      "personalInfo": {
        "fullName": "Federic",
        "gender": "male",
        "phoneNumber": "5678987654",
        "dateOfBirth": "2006-06-29T00:00:00.000Z",
        "address": {
          "street": "Ezumangad - Karukaputhur",
          "city": "Peringannur",
          "state": "Kerala",
          "pincode": "679532"
        },
        "languages": [
          "English",
          "Tamil",
          "Malayalam"
        ]
      },
      "currentLocation": {
        "type": "Point",
        "coordinates": [
          76.19064330880066,
          10.759786482837015
        ]
      },
      "averageRating": 0,
      "ratingCount": 0,
      "profilePictureUrl": "https://res.cloudinary.com/dyn2dphv0/image/upload/v1761895164/technician-documents/file_q1rf2j.jpg",
      "distance": 16478.1051384512,
      "isNearby": true,
      "hasLocation": true
    },
    {
      "_id": "6904c0586d2d8bcb9cc12c47",
      "userId": "6904be93f62d1286f5b1db09",
      "displayName": "Jacob",
      "experienceYears": 2,
      "services": [
        "AC Repair",
        "AC Installation"
      ],
      "workAreas": [
        "Kannur",
        "Thiruvananthapuram"
      ],
      "personalInfo": {
        "fullName": "Jacob",
        "gender": "male",
        "phoneNumber": "8766789997",
        "dateOfBirth": "2003-06-26T00:00:00.000Z",
        "address": {
          "street": "Kaivelikkal Kanthapalli Road",
          "city": "Panoor",
          "state": "Kerala",
          "pincode": "670692"
        },
        "languages": [
          "English",
          "Hindi"
        ]
      },
      "currentLocation": {
        "type": "Point",
        "coordinates": [
          75.60607904568316,
          11.775947798478454
        ]
      },
      "averageRating": 0,
      "ratingCount": 0,
      "profilePictureUrl": "https://res.cloudinary.com/dyn2dphv0/image/upload/v1761919058/technician-documents/file_zuebsl.jpg",
      "distance": 118784.47014138133,
      "isNearby": false,
      "hasLocation": true
    }
  ],
  "count": 8
}
2025-11-03 11:56:31:5631 [info]: Nearby technicians found successfully
{
  "operation": "getNearbyTechnicians",
  "latitude": "10.90208770407582",
  "longitude": "76.23275756835939",
  "radius": "50",
  "serviceName": "AC Repair",
  "technicianCount": 8
}
2025-11-03 11:56:31:5631 [http]: ::1 - - [03/Nov/2025:06:26:31 +0000] "GET /api/user/nearby-technicians?lat=10.90208770407582&lng=76.23275756835939&radius=50&serviceName=AC+Repair&page=1&limit=6 HTTP/1.1" 200 6205 "http://localhost:5173/" "Mozilla/5.0 (Windows NT 10.0; Win64; x64) AppleWebKit/537.36 (KHTML, like Gecko) Chrome/141.0.0.0 Safari/537.36"
2025-11-03 11:56:31:5631 [http]: Request completed
{
  "method": "GET",
  "url": "/nearby-technicians?lat=10.90208770407582&lng=76.23275756835939&radius=50&serviceName=AC+Repair&page=1&limit=6",
  "statusCode": 200,
  "duration": "194ms",
  "contentLength": "6205"
}
2025-11-03 11:56:31:5631 [http]: Incoming request
{
  "method": "OPTIONS",
  "url": "/api/user/location",
  "ip": "::1",
  "userAgent": "Mozilla/5.0 (Windows NT 10.0; Win64; x64) AppleWebKit/537.36 (KHTML, like Gecko) Chrome/141.0.0.0 Safari/537.36",
  "query": {}
}
2025-11-03 11:56:31:5631 [http]: ::1 - - [03/Nov/2025:06:26:31 +0000] "OPTIONS /api/user/location HTTP/1.1" 204 0 "http://localhost:5173/" "Mozilla/5.0 (Windows NT 10.0; Win64; x64) AppleWebKit/537.36 (KHTML, like Gecko) Chrome/141.0.0.0 Safari/537.36"
2025-11-03 11:56:31:5631 [http]: Request completed
{
  "method": "OPTIONS",
  "url": "/api/user/location",
  "statusCode": 204,
  "duration": "3ms",
  "contentLength": "0"
}
2025-11-03 11:56:31:5631 [debug]: Converting technician to admin view
{
  "operation": "convertToAdminTechnician",
  "technicianId": "69055e480ffeba2c82b9211a"
}
2025-11-03 11:56:31:5631 [debug]: Converting technician to admin view
{
  "operation": "convertToAdminTechnician",
  "technicianId": "6904c0586d2d8bcb9cc12c47"
}
2025-11-03 11:56:31:5631 [debug]: Converting technician to admin view
{
  "operation": "convertToAdminTechnician",
  "technicianId": "6904bbf28d4f2b96261e135e"
}
2025-11-03 11:56:31:5631 [debug]: Converting technician to admin view
{
  "operation": "convertToAdminTechnician",
  "technicianId": "690463000dca810266755c77"
}
2025-11-03 11:56:31:5631 [debug]: Converting technician to admin view
{
  "operation": "convertToAdminTechnician",
  "technicianId": "6904611f0dca810266755c05"
}
2025-11-03 11:56:31:5631 [debug]: Converting technician to admin view
{
  "operation": "convertToAdminTechnician",
  "technicianId": "69045a540dca810266755a67"
}
2025-11-03 11:56:31:5631 [debug]: Converting technician to admin view
{
  "operation": "convertToAdminTechnician",
  "technicianId": "6904207f5ccc789643b6bb0f"
}
2025-11-03 11:56:31:5631 [debug]: Converting technician to admin view
{
  "operation": "convertToAdminTechnician",
  "technicianId": "69033f0a94cc371dc9eea2de"
}
2025-11-03 11:56:31:5631 [http]: Incoming request
{
  "method": "GET",
  "url": "/api/user/location",
  "ip": "::1",
  "userAgent": "Mozilla/5.0 (Windows NT 10.0; Win64; x64) AppleWebKit/537.36 (KHTML, like Gecko) Chrome/141.0.0.0 Safari/537.36",
  "query": {}
}
2025-11-03 11:56:31:5631 [info]: Fetching user location
{
  "operation": "getUserLocation",
  "userId": "69084a5f27f3d49e658e002c"
}
2025-11-03 11:56:31:5631 [info]: Updating user location
{
  "operation": "getUserLocation",
  "userId": "69084a5f27f3d49e658e002c"
}
2025-11-03 11:56:31:5631 [info]: User location found
{
  "operation": "getUserLocation",
  "userId": "69084a5f27f3d49e658e002c",
  "data": {
    "location": {
      "type": "Point",
      "coordinates": [
        76.23275756835939,
        10.90208770407582
      ]
    },
    "address": {
      "street": "Elamkulam",
      "city": "Elamkulam",
      "state": "Kerala",
      "pincode": "679340",
      "landmark": ""
    },
    "_id": "69084a976e4c9bc187aea867",
    "userId": "69084a5f27f3d49e658e002c",
    "__v": 0,
    "createdAt": "2025-11-03T06:24:23.432Z",
    "lastUpdated": "2025-11-03T06:24:23.431Z",
    "updatedAt": "2025-11-03T06:24:23.432Z"
  }
}
2025-11-03 11:56:31:5631 [info]: User location retrieved successfully
{
  "operation": "getUserLocation",
  "userId": "69084a5f27f3d49e658e002c",
  "hasLocation": true
}
2025-11-03 11:56:31:5631 [http]: ::1 - - [03/Nov/2025:06:26:31 +0000] "GET /api/user/location HTTP/1.1" 200 403 "http://localhost:5173/" "Mozilla/5.0 (Windows NT 10.0; Win64; x64) AppleWebKit/537.36 (KHTML, like Gecko) Chrome/141.0.0.0 Safari/537.36"
2025-11-03 11:56:31:5631 [http]: Request completed
{
  "method": "GET",
  "url": "/location",
  "statusCode": 200,
  "duration": "153ms",
  "contentLength": "403"
}
2025-11-03 11:56:31:5631 [http]: Incoming request
{
  "method": "OPTIONS",
  "url": "/api/user/nearby-technicians?lat=10.90208770407582&lng=76.23275756835939&radius=50&serviceName=AC+Repair&page=1&limit=6",
  "ip": "::1",
  "userAgent": "Mozilla/5.0 (Windows NT 10.0; Win64; x64) AppleWebKit/537.36 (KHTML, like Gecko) Chrome/141.0.0.0 Safari/537.36",
  "query": {
    "lat": "10.90208770407582",
    "lng": "76.23275756835939",
    "radius": "50",
    "serviceName": "AC Repair",
    "page": "1",
    "limit": "6"
  }
}
2025-11-03 11:56:31:5631 [http]: ::1 - - [03/Nov/2025:06:26:31 +0000] "OPTIONS /api/user/nearby-technicians?lat=10.90208770407582&lng=76.23275756835939&radius=50&serviceName=AC+Repair&page=1&limit=6 HTTP/1.1" 204 0 "http://localhost:5173/" "Mozilla/5.0 (Windows NT 10.0; Win64; x64) AppleWebKit/537.36 (KHTML, like Gecko) Chrome/141.0.0.0 Safari/537.36"
2025-11-03 11:56:31:5631 [http]: Request completed
{
  "method": "OPTIONS",
  "url": "/api/user/nearby-technicians?lat=10.90208770407582&lng=76.23275756835939&radius=50&serviceName=AC+Repair&page=1&limit=6",
  "statusCode": 204,
  "duration": "32ms",
  "contentLength": "0"
}
2025-11-03 11:56:31:5631 [http]: Incoming request
{
  "method": "GET",
  "url": "/api/user/nearby-technicians?lat=10.90208770407582&lng=76.23275756835939&radius=50&serviceName=AC+Repair&page=1&limit=6",
  "ip": "::1",
  "userAgent": "Mozilla/5.0 (Windows NT 10.0; Win64; x64) AppleWebKit/537.36 (KHTML, like Gecko) Chrome/141.0.0.0 Safari/537.36",
  "query": {
    "lat": "10.90208770407582",
    "lng": "76.23275756835939",
    "radius": "50",
    "serviceName": "AC Repair",
    "page": "1",
    "limit": "6"
  }
}
2025-11-03 11:56:31:5631 [info]: Finding nearby technicians
{
  "operation": "getNearbyTechnicians",
  "latitude": "10.90208770407582",
  "longitude": "76.23275756835939",
  "radius": "50",
  "serviceName": "AC Repair"
}
2025-11-03 11:56:31:5631 [debug]: Searching for technicians with parameters
{
  "operation": "getNearbyTechnicians",
  "latitude": "10.90208770407582",
  "longitude": "76.23275756835939",
  "radius": "50",
  "serviceName": "AC Repair",
  "parsedCoordinates": [
    76.23275756835939,
    10.90208770407582
  ],
  "parsedRadius": 50
}
2025-11-03 11:56:31:5631 [info]: Finding technicaians nearby
{
  "operation": "findTechniciansNearby",
  "userCoordinates": [
    76.23275756835939,
    10.90208770407582
  ],
  "radiusKm": 50,
  "serviceName": "AC Repair"
}
2025-11-03 11:56:31:5631 [info]: Nearby techncins found
{
  "operation": "findTechniciansNearby",
  "userCoordinates": [
    76.23275756835939,
    10.90208770407582
  ],
  "radiusKm": 50,
  "serviceName": "AC Repair",
  "data": [
    {
      "_id": "6904bbf28d4f2b96261e135e",
      "userId": "6904bb6a8d4f2b96261e1302",
      "displayName": "Imana",
      "experienceYears": 3,
      "services": [
        "Refrigerator",
        "AC Repair",
        "TV Repair"
      ],
      "workAreas": [
        "Kannur"
      ],
      "personalInfo": {
        "fullName": "Imana",
        "gender": "female",
        "phoneNumber": "5678987654",
        "dateOfBirth": "2004-06-30T00:00:00.000Z",
        "address": {
          "street": "Vandumthara",
          "city": "Mulayankavu",
          "state": "Kerala",
          "pincode": "679337"
        },
        "languages": [
          "English",
          "Malayalam"
        ]
      },
      "currentLocation": {
        "type": "Point",
        "coordinates": [
          76.22703552071471,
          10.859887730143791
        ]
      },
      "averageRating": 0,
      "ratingCount": 0,
      "profilePictureUrl": "https://res.cloudinary.com/dyn2dphv0/image/upload/v1761917934/technician-documents/file_usv77w.png",
      "distance": 4733.839681084612,
      "isNearby": true,
      "hasLocation": true
    },
    {
      "_id": "69033f0a94cc371dc9eea2de",
      "userId": "69033bfa94cc371dc9eea104",
      "displayName": "Rom",
      "experienceYears": 2,
      "services": [
        "AC Repair",
        "Refrigerator",
        "Washing Machine",
        "Fan Repair"
      ],
      "workAreas": [
        "Kannur",
        "Thiruvananthapuram"
      ],
      "personalInfo": {
        "fullName": "Rom",
        "gender": "male",
        "phoneNumber": "7484393991",
        "dateOfBirth": "2007-10-09T00:00:00.000Z",
        "address": {
          "street": "Puthiya Road",
          "city": "Puthiya Road",
          "state": "Kerala",
          "pincode": "679307"
        },
        "languages": [
          "English",
          "Hindi"
        ]
      },
      "currentLocation": {
        "type": "Point",
        "coordinates": [
          76.21353149414064,
          10.85387472741288
        ]
      },
      "averageRating": 0,
      "ratingCount": 0,
      "profilePictureUrl": "https://res.cloudinary.com/dyn2dphv0/image/upload/v1761820422/technician-documents/file_ymup2y.jpg",
      "distance": 5757.458563462541,
      "isNearby": true,
      "hasLocation": true
    },
    {
      "_id": "69055e480ffeba2c82b9211a",
      "userId": "69055da20ffeba2c82b91ecb",
      "displayName": "Kiya",
      "experienceYears": 4,
      "services": [
        "Refrigerator",
        "AC Installation",
        "AC Repair"
      ],
      "workAreas": [
        "Kannur",
        "Thiruvananthapuram"
      ],
      "personalInfo": {
        "fullName": "Kiya",
        "gender": "female",
        "phoneNumber": "8766789997",
        "dateOfBirth": "2003-05-12T00:00:00.000Z",
        "address": {
          "street": "Cherpulassery-Panniamkurushi Road",
          "city": "Cherpulassery",
          "state": "Kerala",
          "pincode": "679506"
        },
        "languages": [
          "English",
          "Hindi",
          "Malayalam"
        ]
      },
      "currentLocation": {
        "type": "Point",
        "coordinates": [
          76.23939513985535,
          10.839712793186058
        ]
      },
      "averageRating": 0,
      "ratingCount": 0,
      "profilePictureUrl": "https://res.cloudinary.com/dyn2dphv0/image/upload/v1761961446/technician-documents/file_djyk53.jpg",
      "distance": 6973.544231839464,
      "isNearby": true,
      "hasLocation": true
    },
    {
      "_id": "69045a540dca810266755a67",
      "userId": "690459610dca810266755a11",
      "displayName": "Charlie",
      "experienceYears": 4,
      "services": [
        "AC Repair",
        "Fan Repair",
        "Washing Machine"
      ],
      "workAreas": [
        "Kannur",
        "Thiruvananthapuram",
        "Kochi"
      ],
      "personalInfo": {
        "fullName": "Charlie",
        "gender": "male",
        "phoneNumber": "5678987654",
        "dateOfBirth": "2007-10-02T00:00:00.000Z",
        "address": {
          "street": "Perumbilavu-Nilambur Road",
          "city": "Koppam",
          "state": "Kerala",
          "pincode": "679307"
        },
        "languages": [
          "Hindi",
          "Malayalam"
        ]
      },
      "currentLocation": {
        "type": "Point",
        "coordinates": [
          76.18732452043334,
          10.851514451625107
        ]
      },
      "averageRating": 0,
      "ratingCount": 0,
      "profilePictureUrl": "https://res.cloudinary.com/dyn2dphv0/image/upload/v1761893130/technician-documents/file_i0j25e.jpg",
      "distance": 7499.120732994992,
      "isNearby": true,
      "hasLocation": true
    },
    {
      "_id": "6904207f5ccc789643b6bb0f",
      "userId": "69041b985ccc789643b6baad",
      "displayName": "Bob",
      "experienceYears": 2,
      "services": [
        "AC Repair",
        "Refrigerator"
      ],
      "workAreas": [
        "Kannur",
        "Thiruvananthapuram"
      ],
      "personalInfo": {
        "fullName": "Bob",
        "gender": "male",
        "phoneNumber": "5678987651",
        "dateOfBirth": "2007-09-30T00:00:00.000Z",
        "address": {
          "street": "Mundakottukurushi",
          "city": "Mundakottukurushi",
          "state": "Kerala",
          "pincode": "679335"
        },
        "languages": [
          "English",
          "Tamil"
        ]
      },
      "currentLocation": {
        "type": "Point",
        "coordinates": [
          76.2890052777948,
          10.843140941102224
        ]
      },
      "averageRating": 0,
      "ratingCount": 0,
      "profilePictureUrl": "https://res.cloudinary.com/dyn2dphv0/image/upload/v1761878128/technician-documents/file_xol5fc.jpg",
      "distance": 8982.704325775974,
      "isNearby": true,
      "hasLocation": true
    },
    {
      "_id": "6904611f0dca810266755c05",
      "userId": "69045c510dca810266755b77",
      "displayName": "Emilie",
      "experienceYears": 2,
      "services": [
        "AC Repair",
        "Refrigerator",
        "Microwave Oven"
      ],
      "workAreas": [
        "Kannur",
        "Malappuram",
        "Kollam"
      ],
      "personalInfo": {
        "fullName": "Emilie",
        "gender": "female",
        "phoneNumber": "5678987654",
        "dateOfBirth": "2003-10-21T00:00:00.000Z",
        "address": {
          "street": "Kunniyankunnu Colony",
          "city": "Vengad",
          "state": "Kerala",
          "pincode": "576552"
        },
        "languages": [
          "English",
          "Tamil"
        ]
      },
      "currentLocation": {
        "type": "Point",
        "coordinates": [
          76.12106323154877,
          10.91118997767666
        ]
      },
      "averageRating": 0,
      "ratingCount": 0,
      "profilePictureUrl": "https://res.cloudinary.com/dyn2dphv0/image/upload/v1761894635/technician-documents/file_ue0njv.jpg",
      "distance": 12237.428369533074,
      "isNearby": true,
      "hasLocation": true
    },
    {
      "_id": "690463000dca810266755c77",
      "userId": "690461610dca810266755c1b",
      "displayName": "Federic",
      "experienceYears": 3,
      "services": [
        "AC Repair",
        "AC Installation"
      ],
      "workAreas": [
        "Kannur",
        "Kochi"
      ],
      "personalInfo": {
        "fullName": "Federic",
        "gender": "male",
        "phoneNumber": "5678987654",
        "dateOfBirth": "2006-06-29T00:00:00.000Z",
        "address": {
          "street": "Ezumangad - Karukaputhur",
          "city": "Peringannur",
          "state": "Kerala",
          "pincode": "679532"
        },
        "languages": [
          "English",
          "Tamil",
          "Malayalam"
        ]
      },
      "currentLocation": {
        "type": "Point",
        "coordinates": [
          76.19064330880066,
          10.759786482837015
        ]
      },
      "averageRating": 0,
      "ratingCount": 0,
      "profilePictureUrl": "https://res.cloudinary.com/dyn2dphv0/image/upload/v1761895164/technician-documents/file_q1rf2j.jpg",
      "distance": 16478.1051384512,
      "isNearby": true,
      "hasLocation": true
    },
    {
      "_id": "6904c0586d2d8bcb9cc12c47",
      "userId": "6904be93f62d1286f5b1db09",
      "displayName": "Jacob",
      "experienceYears": 2,
      "services": [
        "AC Repair",
        "AC Installation"
      ],
      "workAreas": [
        "Kannur",
        "Thiruvananthapuram"
      ],
      "personalInfo": {
        "fullName": "Jacob",
        "gender": "male",
        "phoneNumber": "8766789997",
        "dateOfBirth": "2003-06-26T00:00:00.000Z",
        "address": {
          "street": "Kaivelikkal Kanthapalli Road",
          "city": "Panoor",
          "state": "Kerala",
          "pincode": "670692"
        },
        "languages": [
          "English",
          "Hindi"
        ]
      },
      "currentLocation": {
        "type": "Point",
        "coordinates": [
          75.60607904568316,
          11.775947798478454
        ]
      },
      "averageRating": 0,
      "ratingCount": 0,
      "profilePictureUrl": "https://res.cloudinary.com/dyn2dphv0/image/upload/v1761919058/technician-documents/file_zuebsl.jpg",
      "distance": 118784.47014138133,
      "isNearby": false,
      "hasLocation": true
    }
  ],
  "count": 8
}
2025-11-03 11:56:31:5631 [info]: Nearby technicians found successfully
{
  "operation": "getNearbyTechnicians",
  "latitude": "10.90208770407582",
  "longitude": "76.23275756835939",
  "radius": "50",
  "serviceName": "AC Repair",
  "technicianCount": 8
}
2025-11-03 11:56:31:5631 [http]: ::1 - - [03/Nov/2025:06:26:31 +0000] "GET /api/user/nearby-technicians?lat=10.90208770407582&lng=76.23275756835939&radius=50&serviceName=AC+Repair&page=1&limit=6 HTTP/1.1" 200 6205 "http://localhost:5173/" "Mozilla/5.0 (Windows NT 10.0; Win64; x64) AppleWebKit/537.36 (KHTML, like Gecko) Chrome/141.0.0.0 Safari/537.36"
2025-11-03 11:56:31:5631 [http]: Request completed
{
  "method": "GET",
  "url": "/nearby-technicians?lat=10.90208770407582&lng=76.23275756835939&radius=50&serviceName=AC+Repair&page=1&limit=6",
  "statusCode": 200,
  "duration": "145ms",
  "contentLength": "6205"
}
2025-11-03 11:56:32:5632 [debug]: Successfully converted technician to admin view
{
  "operation": "convertToAdminTechnician",
  "technicianId": "6904207f5ccc789643b6bb0f"
}
2025-11-03 11:56:32:5632 [debug]: Successfully converted technician to admin view
{
  "operation": "convertToAdminTechnician",
  "technicianId": "6904bbf28d4f2b96261e135e"
}
2025-11-03 11:56:32:5632 [debug]: Successfully converted technician to admin view
{
  "operation": "convertToAdminTechnician",
  "technicianId": "69055e480ffeba2c82b9211a"
}
2025-11-03 11:56:32:5632 [debug]: Successfully converted technician to admin view
{
  "operation": "convertToAdminTechnician",
  "technicianId": "6904c0586d2d8bcb9cc12c47"
}
2025-11-03 11:56:32:5632 [debug]: Successfully converted technician to admin view
{
  "operation": "convertToAdminTechnician",
  "technicianId": "69045a540dca810266755a67"
}
2025-11-03 11:56:32:5632 [debug]: Successfully converted technician to admin view
{
  "operation": "convertToAdminTechnician",
  "technicianId": "690463000dca810266755c77"
}
2025-11-03 11:56:32:5632 [debug]: Successfully converted technician to admin view
{
  "operation": "convertToAdminTechnician",
  "technicianId": "6904c0586d2d8bcb9cc12c47"
}
2025-11-03 11:56:32:5632 [debug]: Successfully converted technician to admin view
{
  "operation": "convertToAdminTechnician",
  "technicianId": "69055e480ffeba2c82b9211a"
}
2025-11-03 11:56:32:5632 [debug]: Successfully converted technician to admin view
{
  "operation": "convertToAdminTechnician",
  "technicianId": "6904207f5ccc789643b6bb0f"
}
2025-11-03 11:56:32:5632 [debug]: Successfully converted technician to admin view
{
  "operation": "convertToAdminTechnician",
  "technicianId": "6904611f0dca810266755c05"
}
2025-11-03 11:56:32:5632 [debug]: Successfully converted technician to admin view
{
  "operation": "convertToAdminTechnician",
  "technicianId": "69045a540dca810266755a67"
}
2025-11-03 11:56:32:5632 [debug]: Successfully converted technician to admin view
{
  "operation": "convertToAdminTechnician",
  "technicianId": "69033f0a94cc371dc9eea2de"
}
2025-11-03 11:56:32:5632 [debug]: Successfully converted technician to admin view
{
  "operation": "convertToAdminTechnician",
  "technicianId": "69033f0a94cc371dc9eea2de"
}
2025-11-03 11:56:32:5632 [debug]: Successfully converted technician to admin view
{
  "operation": "convertToAdminTechnician",
  "technicianId": "690463000dca810266755c77"
}
2025-11-03 11:56:32:5632 [debug]: Successfully converted technician to admin view
{
  "operation": "convertToAdminTechnician",
  "technicianId": "6904611f0dca810266755c05"
}
2025-11-03 11:56:32:5632 [info]: Tehcnicians retrieved
{
  "operation": "getPublicTechnicians",
  "filters": {
    "status": "approved",
    "service": "AC Repair"
  },
  "technicians": [
    {
      "_id": "69055e480ffeba2c82b9211a",
      "userId": "[object Object]",
      "displayName": "Kiya",
      "email": "kiya@yopmail.com",
      "phone": "8766789997",
      "services": [
        "Refrigerator",
        "AC Installation",
        "AC Repair"
      ],
      "status": "approved",
      "experienceYears": 4,
      "ratingCount": 0,
      "averageRating": 0,
      "totalJobs": 0,
      "completedJobs": 0,
      "createdAt": "2025-11-01T01:11:36.084Z",
      "profilePictureUrl": "https://res.cloudinary.com/dyn2dphv0/image/upload/v1761961446/technician-documents/file_djyk53.jpg",
      "address": {
        "street": "Choorakode",
        "city": "Choorakode",
        "state": "Kerala",
        "pincode": "679337"
      },
      "workAreas": [
        "Kannur",
        "Thiruvananthapuram"
      ],
      "serviceRadiusKm": 15
    },
    {
      "_id": "6904c0586d2d8bcb9cc12c47",
      "userId": "[object Object]",
      "displayName": "Jacob",
      "email": "jacob@yopmail.com",
      "phone": "8766789997",
      "services": [
        "AC Repair",
        "AC Installation"
      ],
      "status": "approved",
      "experienceYears": 2,
      "ratingCount": 0,
      "averageRating": 0,
      "totalJobs": 0,
      "completedJobs": 0,
      "createdAt": "2025-10-31T13:57:44.407Z",
      "profilePictureUrl": "https://res.cloudinary.com/dyn2dphv0/image/upload/v1761919058/technician-documents/file_zuebsl.jpg",
      "address": {
        "street": "Kaivelikkal Kanthapalli Road",
        "city": "Panoor",
        "state": "Kerala",
        "pincode": "670692"
      },
      "workAreas": [
        "Kannur",
        "Thiruvananthapuram"
      ],
      "serviceRadiusKm": 15
    },
    {
      "_id": "6904bbf28d4f2b96261e135e",
      "userId": "[object Object]",
      "displayName": "Imana",
      "email": "imana@yopmail.com",
      "phone": "5678987654",
      "services": [
        "Refrigerator",
        "AC Repair",
        "TV Repair"
      ],
      "status": "approved",
      "experienceYears": 3,
      "ratingCount": 0,
      "averageRating": 0,
      "totalJobs": 0,
      "completedJobs": 0,
      "createdAt": "2025-10-31T13:38:58.077Z",
      "profilePictureUrl": "https://res.cloudinary.com/dyn2dphv0/image/upload/v1761917934/technician-documents/file_usv77w.png",
      "address": {
        "street": "Vandumthara",
        "city": "Mulayankavu",
        "state": "Kerala",
        "pincode": "679337"
      },
      "workAreas": [
        "Kannur"
      ],
      "serviceRadiusKm": 5
    },
    {
      "_id": "690463000dca810266755c77",
      "userId": "[object Object]",
      "displayName": "Federic",
      "email": "federic@yopmail.com",
      "phone": "5678987654",
      "services": [
        "AC Repair",
        "AC Installation"
      ],
      "status": "approved",
      "experienceYears": 3,
      "ratingCount": 0,
      "averageRating": 0,
      "totalJobs": 0,
      "completedJobs": 0,
      "createdAt": "2025-10-31T07:19:28.940Z",
      "profilePictureUrl": "https://res.cloudinary.com/dyn2dphv0/image/upload/v1761895164/technician-documents/file_q1rf2j.jpg",
      "address": {
        "street": "Ezumangad - Karukaputhur",
        "city": "Peringannur",
        "state": "Kerala",
        "pincode": "679532"
      },
      "workAreas": [
        "Kannur",
        "Kochi"
      ],
      "serviceRadiusKm": 20
    },
    {
      "_id": "6904611f0dca810266755c05",
      "userId": "[object Object]",
      "displayName": "Emilie",
      "email": "emilie@yopmail.com",
      "phone": "5678987654",
      "services": [
        "AC Repair",
        "Refrigerator",
        "Microwave Oven"
      ],
      "status": "approved",
      "experienceYears": 2,
      "ratingCount": 0,
      "averageRating": 0,
      "totalJobs": 0,
      "completedJobs": 0,
      "createdAt": "2025-10-31T07:11:27.589Z",
      "profilePictureUrl": "https://res.cloudinary.com/dyn2dphv0/image/upload/v1761894635/technician-documents/file_ue0njv.jpg",
      "address": {
        "street": "Kunniyankunnu Colony",
        "city": "Vengad",
        "state": "Kerala",
        "pincode": "576552"
      },
      "workAreas": [
        "Kannur",
        "Malappuram",
        "Kollam"
      ],
      "serviceRadiusKm": 10
    },
    {
      "_id": "69045a540dca810266755a67",
      "userId": "[object Object]",
      "displayName": "Charlie",
      "email": "charlie@yopmail.com",
      "phone": "5678987654",
      "services": [
        "AC Repair",
        "Fan Repair",
        "Washing Machine"
      ],
      "status": "approved",
      "experienceYears": 4,
      "ratingCount": 0,
      "averageRating": 0,
      "totalJobs": 0,
      "completedJobs": 0,
      "createdAt": "2025-10-31T06:42:28.786Z",
      "profilePictureUrl": "https://res.cloudinary.com/dyn2dphv0/image/upload/v1761893130/technician-documents/file_i0j25e.jpg",
      "address": {
        "street": "Perumbilavu-Nilambur Road",
        "city": "Koppam",
        "state": "Kerala",
        "pincode": "679307"
      },
      "workAreas": [
        "Kannur",
        "Thiruvananthapuram",
        "Kochi"
      ],
      "serviceRadiusKm": 10
    },
    {
      "_id": "6904207f5ccc789643b6bb0f",
      "userId": "[object Object]",
      "displayName": "Bob",
      "email": "bob@yopmail.com",
      "phone": "5678987651",
      "services": [
        "AC Repair",
        "Refrigerator"
      ],
      "status": "approved",
      "experienceYears": 2,
      "ratingCount": 0,
      "averageRating": 0,
      "totalJobs": 0,
      "completedJobs": 0,
      "createdAt": "2025-10-31T02:35:43.064Z",
      "profilePictureUrl": "https://res.cloudinary.com/dyn2dphv0/image/upload/v1761878128/technician-documents/file_xol5fc.jpg",
      "address": {
        "street": "Mattaya",
        "city": "Mattaya",
        "state": "Kerala",
        "pincode": "679335"
      },
      "workAreas": [
        "Kannur",
        "Thiruvananthapuram"
      ],
      "serviceRadiusKm": 20
    },
    {
      "_id": "69033f0a94cc371dc9eea2de",
      "userId": "[object Object]",
      "displayName": "Rom",
      "email": "rom@yopmail.com",
      "phone": "7484393991",
      "services": [
        "AC Repair",
        "Refrigerator",
        "Washing Machine",
        "Fan Repair"
      ],
      "status": "approved",
      "experienceYears": 2,
      "ratingCount": 0,
      "averageRating": 0,
      "totalJobs": 0,
      "completedJobs": 0,
      "createdAt": "2025-10-30T10:33:46.376Z",
      "profilePictureUrl": "https://res.cloudinary.com/dyn2dphv0/image/upload/v1761820422/technician-documents/file_ymup2y.jpg",
      "address": {
        "street": "Puthiya Road",
        "city": "Puthiya Road",
        "state": "Kerala",
        "pincode": "679307"
      },
      "workAreas": [
        "Kannur",
        "Thiruvananthapuram"
      ],
      "serviceRadiusKm": 10
    }
  ],
  "pagination": {
    "page": 1,
    "limit": 10,
    "total": 8,
    "pages": 1,
    "hasNext": false,
    "hasPrev": false
  }
}
2025-11-03 11:56:32:5632 [info]: Public technicians retrieved successfully
{
  "operation": "getPublicTechnicians",
  "serviceFilter": "AC Repair",
  "count": 8,
  "total": 8
}
2025-11-03 11:56:32:5632 [http]: ::1 - - [03/Nov/2025:06:26:32 +0000] "GET /api/admin/technicians/public?service=AC+Repair&page=1&limit=6 HTTP/1.1" 200 5064 "http://localhost:5173/" "Mozilla/5.0 (Windows NT 10.0; Win64; x64) AppleWebKit/537.36 (KHTML, like Gecko) Chrome/141.0.0.0 Safari/537.36"
2025-11-03 11:56:32:5632 [http]: Request completed
{
  "method": "GET",
  "url": "/public?service=AC+Repair&page=1&limit=6",
  "statusCode": 200,
  "duration": "2085ms",
  "contentLength": "5064"
}
2025-11-03 11:56:32:5632 [debug]: Successfully converted technician to admin view
{
  "operation": "convertToAdminTechnician",
  "technicianId": "6904bbf28d4f2b96261e135e"
}
2025-11-03 11:56:32:5632 [info]: Tehcnicians retrieved
{
  "operation": "getPublicTechnicians",
  "filters": {
    "status": "approved",
    "service": "AC Repair"
  },
  "technicians": [
    {
      "_id": "69055e480ffeba2c82b9211a",
      "userId": "[object Object]",
      "displayName": "Kiya",
      "email": "kiya@yopmail.com",
      "phone": "8766789997",
      "services": [
        "Refrigerator",
        "AC Installation",
        "AC Repair"
      ],
      "status": "approved",
      "experienceYears": 4,
      "ratingCount": 0,
      "averageRating": 0,
      "totalJobs": 0,
      "completedJobs": 0,
      "createdAt": "2025-11-01T01:11:36.084Z",
      "profilePictureUrl": "https://res.cloudinary.com/dyn2dphv0/image/upload/v1761961446/technician-documents/file_djyk53.jpg",
      "address": {
        "street": "Choorakode",
        "city": "Choorakode",
        "state": "Kerala",
        "pincode": "679337"
      },
      "workAreas": [
        "Kannur",
        "Thiruvananthapuram"
      ],
      "serviceRadiusKm": 15
    },
    {
      "_id": "6904c0586d2d8bcb9cc12c47",
      "userId": "[object Object]",
      "displayName": "Jacob",
      "email": "jacob@yopmail.com",
      "phone": "8766789997",
      "services": [
        "AC Repair",
        "AC Installation"
      ],
      "status": "approved",
      "experienceYears": 2,
      "ratingCount": 0,
      "averageRating": 0,
      "totalJobs": 0,
      "completedJobs": 0,
      "createdAt": "2025-10-31T13:57:44.407Z",
      "profilePictureUrl": "https://res.cloudinary.com/dyn2dphv0/image/upload/v1761919058/technician-documents/file_zuebsl.jpg",
      "address": {
        "street": "Kaivelikkal Kanthapalli Road",
        "city": "Panoor",
        "state": "Kerala",
        "pincode": "670692"
      },
      "workAreas": [
        "Kannur",
        "Thiruvananthapuram"
      ],
      "serviceRadiusKm": 15
    },
    {
      "_id": "6904bbf28d4f2b96261e135e",
      "userId": "[object Object]",
      "displayName": "Imana",
      "email": "imana@yopmail.com",
      "phone": "5678987654",
      "services": [
        "Refrigerator",
        "AC Repair",
        "TV Repair"
      ],
      "status": "approved",
      "experienceYears": 3,
      "ratingCount": 0,
      "averageRating": 0,
      "totalJobs": 0,
      "completedJobs": 0,
      "createdAt": "2025-10-31T13:38:58.077Z",
      "profilePictureUrl": "https://res.cloudinary.com/dyn2dphv0/image/upload/v1761917934/technician-documents/file_usv77w.png",
      "address": {
        "street": "Vandumthara",
        "city": "Mulayankavu",
        "state": "Kerala",
        "pincode": "679337"
      },
      "workAreas": [
        "Kannur"
      ],
      "serviceRadiusKm": 5
    },
    {
      "_id": "690463000dca810266755c77",
      "userId": "[object Object]",
      "displayName": "Federic",
      "email": "federic@yopmail.com",
      "phone": "5678987654",
      "services": [
        "AC Repair",
        "AC Installation"
      ],
      "status": "approved",
      "experienceYears": 3,
      "ratingCount": 0,
      "averageRating": 0,
      "totalJobs": 0,
      "completedJobs": 0,
      "createdAt": "2025-10-31T07:19:28.940Z",
      "profilePictureUrl": "https://res.cloudinary.com/dyn2dphv0/image/upload/v1761895164/technician-documents/file_q1rf2j.jpg",
      "address": {
        "street": "Ezumangad - Karukaputhur",
        "city": "Peringannur",
        "state": "Kerala",
        "pincode": "679532"
      },
      "workAreas": [
        "Kannur",
        "Kochi"
      ],
      "serviceRadiusKm": 20
    },
    {
      "_id": "6904611f0dca810266755c05",
      "userId": "[object Object]",
      "displayName": "Emilie",
      "email": "emilie@yopmail.com",
      "phone": "5678987654",
      "services": [
        "AC Repair",
        "Refrigerator",
        "Microwave Oven"
      ],
      "status": "approved",
      "experienceYears": 2,
      "ratingCount": 0,
      "averageRating": 0,
      "totalJobs": 0,
      "completedJobs": 0,
      "createdAt": "2025-10-31T07:11:27.589Z",
      "profilePictureUrl": "https://res.cloudinary.com/dyn2dphv0/image/upload/v1761894635/technician-documents/file_ue0njv.jpg",
      "address": {
        "street": "Kunniyankunnu Colony",
        "city": "Vengad",
        "state": "Kerala",
        "pincode": "576552"
      },
      "workAreas": [
        "Kannur",
        "Malappuram",
        "Kollam"
      ],
      "serviceRadiusKm": 10
    },
    {
      "_id": "69045a540dca810266755a67",
      "userId": "[object Object]",
      "displayName": "Charlie",
      "email": "charlie@yopmail.com",
      "phone": "5678987654",
      "services": [
        "AC Repair",
        "Fan Repair",
        "Washing Machine"
      ],
      "status": "approved",
      "experienceYears": 4,
      "ratingCount": 0,
      "averageRating": 0,
      "totalJobs": 0,
      "completedJobs": 0,
      "createdAt": "2025-10-31T06:42:28.786Z",
      "profilePictureUrl": "https://res.cloudinary.com/dyn2dphv0/image/upload/v1761893130/technician-documents/file_i0j25e.jpg",
      "address": {
        "street": "Perumbilavu-Nilambur Road",
        "city": "Koppam",
        "state": "Kerala",
        "pincode": "679307"
      },
      "workAreas": [
        "Kannur",
        "Thiruvananthapuram",
        "Kochi"
      ],
      "serviceRadiusKm": 10
    },
    {
      "_id": "6904207f5ccc789643b6bb0f",
      "userId": "[object Object]",
      "displayName": "Bob",
      "email": "bob@yopmail.com",
      "phone": "5678987651",
      "services": [
        "AC Repair",
        "Refrigerator"
      ],
      "status": "approved",
      "experienceYears": 2,
      "ratingCount": 0,
      "averageRating": 0,
      "totalJobs": 0,
      "completedJobs": 0,
      "createdAt": "2025-10-31T02:35:43.064Z",
      "profilePictureUrl": "https://res.cloudinary.com/dyn2dphv0/image/upload/v1761878128/technician-documents/file_xol5fc.jpg",
      "address": {
        "street": "Mattaya",
        "city": "Mattaya",
        "state": "Kerala",
        "pincode": "679335"
      },
      "workAreas": [
        "Kannur",
        "Thiruvananthapuram"
      ],
      "serviceRadiusKm": 20
    },
    {
      "_id": "69033f0a94cc371dc9eea2de",
      "userId": "[object Object]",
      "displayName": "Rom",
      "email": "rom@yopmail.com",
      "phone": "7484393991",
      "services": [
        "AC Repair",
        "Refrigerator",
        "Washing Machine",
        "Fan Repair"
      ],
      "status": "approved",
      "experienceYears": 2,
      "ratingCount": 0,
      "averageRating": 0,
      "totalJobs": 0,
      "completedJobs": 0,
      "createdAt": "2025-10-30T10:33:46.376Z",
      "profilePictureUrl": "https://res.cloudinary.com/dyn2dphv0/image/upload/v1761820422/technician-documents/file_ymup2y.jpg",
      "address": {
        "street": "Puthiya Road",
        "city": "Puthiya Road",
        "state": "Kerala",
        "pincode": "679307"
      },
      "workAreas": [
        "Kannur",
        "Thiruvananthapuram"
      ],
      "serviceRadiusKm": 10
    }
  ],
  "pagination": {
    "page": 1,
    "limit": 10,
    "total": 8,
    "pages": 1,
    "hasNext": false,
    "hasPrev": false
  }
}
2025-11-03 11:56:32:5632 [info]: Public technicians retrieved successfully
{
  "operation": "getPublicTechnicians",
  "serviceFilter": "AC Repair",
  "count": 8,
  "total": 8
}
2025-11-03 11:56:32:5632 [http]: ::1 - - [03/Nov/2025:06:26:32 +0000] "GET /api/admin/technicians/public?service=AC+Repair&page=1&limit=6 HTTP/1.1" 200 5064 "http://localhost:5173/" "Mozilla/5.0 (Windows NT 10.0; Win64; x64) AppleWebKit/537.36 (KHTML, like Gecko) Chrome/141.0.0.0 Safari/537.36"
2025-11-03 11:56:32:5632 [http]: Request completed
{
  "method": "GET",
  "url": "/public?service=AC+Repair&page=1&limit=6",
  "statusCode": 200,
  "duration": "2073ms",
  "contentLength": "5064"
}
2025-11-03 11:56:52:5652 [http]: Incoming request
{
  "method": "OPTIONS",
  "url": "/api/user/location",
  "ip": "::1",
  "userAgent": "Mozilla/5.0 (Windows NT 10.0; Win64; x64) AppleWebKit/537.36 (KHTML, like Gecko) Chrome/141.0.0.0 Safari/537.36",
  "query": {}
}
2025-11-03 11:56:52:5652 [http]: ::1 - - [03/Nov/2025:06:26:52 +0000] "OPTIONS /api/user/location HTTP/1.1" 204 0 "http://localhost:5173/" "Mozilla/5.0 (Windows NT 10.0; Win64; x64) AppleWebKit/537.36 (KHTML, like Gecko) Chrome/141.0.0.0 Safari/537.36"
2025-11-03 11:56:52:5652 [http]: Request completed
{
  "method": "OPTIONS",
  "url": "/api/user/location",
  "statusCode": 204,
  "duration": "4ms",
  "contentLength": "0"
}
2025-11-03 11:56:52:5652 [http]: Incoming request
{
  "method": "PUT",
  "url": "/api/user/location",
  "ip": "::1",
  "userAgent": "Mozilla/5.0 (Windows NT 10.0; Win64; x64) AppleWebKit/537.36 (KHTML, like Gecko) Chrome/141.0.0.0 Safari/537.36",
  "query": {}
}
2025-11-03 11:56:52:5652 [info]: Updating user location
{
  "operation": "updateUserLocation",
  "userId": "69084a5f27f3d49e658e002c",
  "coordinates": [
    76.26022338867189,
    10.86303466917621
  ],
  "hasAddress": true
}
2025-11-03 11:56:52:5652 [debug]: Calling service to update user location
{
  "operation": "updateUserLocation",
  "userId": "69084a5f27f3d49e658e002c",
  "coordinates": [
    76.26022338867189,
    10.86303466917621
  ],
  "hasAddress": true,
  "longitude": 76.26022338867189,
  "latitude": 10.86303466917621
}
2025-11-03 11:56:52:5652 [info]: Updating user location
{
  "operation": "updateUserLocation",
  "userId": "69084a5f27f3d49e658e002c",
  "locationData": {
    "coordinates": [
      76.26022338867189,
      10.86303466917621
    ],
    "address": {
      "street": "Koppam-Cherpulassery Road",
      "city": "Ezhuvanthala",
      "state": "Kerala",
      "pincode": "679335",
      "landmark": ""
    }
  }
}
2025-11-03 11:56:52:5652 [info]: Created or updated user location
{
  "operation": "updateUserLocation",
  "userId": "69084a5f27f3d49e658e002c",
  "locationData": {
    "coordinates": [
      76.26022338867189,
      10.86303466917621
    ],
    "address": {
      "street": "Koppam-Cherpulassery Road",
      "city": "Ezhuvanthala",
      "state": "Kerala",
      "pincode": "679335",
      "landmark": ""
    }
  },
  "data": {
    "location": {
      "type": "Point",
      "coordinates": [
        76.26022338867189,
        10.86303466917621
      ]
    },
    "address": {
      "street": "Koppam-Cherpulassery Road",
      "city": "Ezhuvanthala",
      "state": "Kerala",
      "pincode": "679335",
      "landmark": ""
    },
    "_id": "69084a976e4c9bc187aea867",
    "userId": "69084a5f27f3d49e658e002c",
    "__v": 0,
    "createdAt": "2025-11-03T06:24:23.432Z",
    "lastUpdated": "2025-11-03T06:26:52.827Z",
    "updatedAt": "2025-11-03T06:26:52.827Z"
  }
}
2025-11-03 11:56:52:5652 [info]: User location updated successfully
{
  "operation": "updateUserLocation",
  "userId": "69084a5f27f3d49e658e002c",
  "coordinates": [
    76.26022338867189,
    10.86303466917621
  ],
  "hasAddress": true,
  "locationId": "69084a976e4c9bc187aea867"
}
2025-11-03 11:56:52:5652 [http]: ::1 - - [03/Nov/2025:06:26:52 +0000] "PUT /api/user/location HTTP/1.1" 200 464 "http://localhost:5173/" "Mozilla/5.0 (Windows NT 10.0; Win64; x64) AppleWebKit/537.36 (KHTML, like Gecko) Chrome/141.0.0.0 Safari/537.36"
2025-11-03 11:56:52:5652 [http]: Request completed
{
  "method": "PUT",
  "url": "/location",
  "statusCode": 200,
  "duration": "159ms",
  "contentLength": "464"
}
2025-11-03 11:56:52:5652 [http]: Incoming request
{
  "method": "OPTIONS",
  "url": "/api/user/nearby-technicians?lat=10.86303466917621&lng=76.26022338867189&radius=50&serviceName=AC+Repair&page=1&limit=10",
  "ip": "::1",
  "userAgent": "Mozilla/5.0 (Windows NT 10.0; Win64; x64) AppleWebKit/537.36 (KHTML, like Gecko) Chrome/141.0.0.0 Safari/537.36",
  "query": {
    "lat": "10.86303466917621",
    "lng": "76.26022338867189",
    "radius": "50",
    "serviceName": "AC Repair",
    "page": "1",
    "limit": "10"
  }
}
2025-11-03 11:56:52:5652 [http]: ::1 - - [03/Nov/2025:06:26:52 +0000] "OPTIONS /api/user/nearby-technicians?lat=10.86303466917621&lng=76.26022338867189&radius=50&serviceName=AC+Repair&page=1&limit=10 HTTP/1.1" 204 0 "http://localhost:5173/" "Mozilla/5.0 (Windows NT 10.0; Win64; x64) AppleWebKit/537.36 (KHTML, like Gecko) Chrome/141.0.0.0 Safari/537.36"
2025-11-03 11:56:52:5652 [http]: Request completed
{
  "method": "OPTIONS",
  "url": "/api/user/nearby-technicians?lat=10.86303466917621&lng=76.26022338867189&radius=50&serviceName=AC+Repair&page=1&limit=10",
  "statusCode": 204,
  "duration": "14ms",
  "contentLength": "0"
}
2025-11-03 11:56:52:5652 [http]: Incoming request
{
  "method": "GET",
  "url": "/api/user/nearby-technicians?lat=10.86303466917621&lng=76.26022338867189&radius=50&serviceName=AC+Repair&page=1&limit=10",
  "ip": "::1",
  "userAgent": "Mozilla/5.0 (Windows NT 10.0; Win64; x64) AppleWebKit/537.36 (KHTML, like Gecko) Chrome/141.0.0.0 Safari/537.36",
  "query": {
    "lat": "10.86303466917621",
    "lng": "76.26022338867189",
    "radius": "50",
    "serviceName": "AC Repair",
    "page": "1",
    "limit": "10"
  }
}
2025-11-03 11:56:52:5652 [info]: Finding nearby technicians
{
  "operation": "getNearbyTechnicians",
  "latitude": "10.86303466917621",
  "longitude": "76.26022338867189",
  "radius": "50",
  "serviceName": "AC Repair"
}
2025-11-03 11:56:52:5652 [debug]: Searching for technicians with parameters
{
  "operation": "getNearbyTechnicians",
  "latitude": "10.86303466917621",
  "longitude": "76.26022338867189",
  "radius": "50",
  "serviceName": "AC Repair",
  "parsedCoordinates": [
    76.26022338867189,
    10.86303466917621
  ],
  "parsedRadius": 50
}
2025-11-03 11:56:52:5652 [info]: Finding technicaians nearby
{
  "operation": "findTechniciansNearby",
  "userCoordinates": [
    76.26022338867189,
    10.86303466917621
  ],
  "radiusKm": 50,
  "serviceName": "AC Repair"
}
2025-11-03 11:56:53:5653 [info]: Nearby techncins found
{
  "operation": "findTechniciansNearby",
  "userCoordinates": [
    76.26022338867189,
    10.86303466917621
  ],
  "radiusKm": 50,
  "serviceName": "AC Repair",
  "data": [
    {
      "_id": "69055e480ffeba2c82b9211a",
      "userId": "69055da20ffeba2c82b91ecb",
      "displayName": "Kiya",
      "experienceYears": 4,
      "services": [
        "Refrigerator",
        "AC Installation",
        "AC Repair"
      ],
      "workAreas": [
        "Kannur",
        "Thiruvananthapuram"
      ],
      "personalInfo": {
        "fullName": "Kiya",
        "gender": "female",
        "phoneNumber": "8766789997",
        "dateOfBirth": "2003-05-12T00:00:00.000Z",
        "address": {
          "street": "Cherpulassery-Panniamkurushi Road",
          "city": "Cherpulassery",
          "state": "Kerala",
          "pincode": "679506"
        },
        "languages": [
          "English",
          "Hindi",
          "Malayalam"
        ]
      },
      "currentLocation": {
        "type": "Point",
        "coordinates": [
          76.23939513985535,
          10.839712793186058
        ]
      },
      "averageRating": 0,
      "ratingCount": 0,
      "profilePictureUrl": "https://res.cloudinary.com/dyn2dphv0/image/upload/v1761961446/technician-documents/file_djyk53.jpg",
      "distance": 3449.4635677541505,
      "isNearby": true,
      "hasLocation": true
    },
    {
      "_id": "6904bbf28d4f2b96261e135e",
      "userId": "6904bb6a8d4f2b96261e1302",
      "displayName": "Imana",
      "experienceYears": 3,
      "services": [
        "Refrigerator",
        "AC Repair",
        "TV Repair"
      ],
      "workAreas": [
        "Kannur"
      ],
      "personalInfo": {
        "fullName": "Imana",
        "gender": "female",
        "phoneNumber": "5678987654",
        "dateOfBirth": "2004-06-30T00:00:00.000Z",
        "address": {
          "street": "Vandumthara",
          "city": "Mulayankavu",
          "state": "Kerala",
          "pincode": "679337"
        },
        "languages": [
          "English",
          "Malayalam"
        ]
      },
      "currentLocation": {
        "type": "Point",
        "coordinates": [
          76.22703552071471,
          10.859887730143791
        ]
      },
      "averageRating": 0,
      "ratingCount": 0,
      "profilePictureUrl": "https://res.cloudinary.com/dyn2dphv0/image/upload/v1761917934/technician-documents/file_usv77w.png",
      "distance": 3641.0665895868037,
      "isNearby": true,
      "hasLocation": true
    },
    {
      "_id": "6904207f5ccc789643b6bb0f",
      "userId": "69041b985ccc789643b6baad",
      "displayName": "Bob",
      "experienceYears": 2,
      "services": [
        "AC Repair",
        "Refrigerator"
      ],
      "workAreas": [
        "Kannur",
        "Thiruvananthapuram"
      ],
      "personalInfo": {
        "fullName": "Bob",
        "gender": "male",
        "phoneNumber": "5678987651",
        "dateOfBirth": "2007-09-30T00:00:00.000Z",
        "address": {
          "street": "Mundakottukurushi",
          "city": "Mundakottukurushi",
          "state": "Kerala",
          "pincode": "679335"
        },
        "languages": [
          "English",
          "Tamil"
        ]
      },
      "currentLocation": {
        "type": "Point",
        "coordinates": [
          76.2890052777948,
          10.843140941102224
        ]
      },
      "averageRating": 0,
      "ratingCount": 0,
      "profilePictureUrl": "https://res.cloudinary.com/dyn2dphv0/image/upload/v1761878128/technician-documents/file_xol5fc.jpg",
      "distance": 3843.5308543401757,
      "isNearby": true,
      "hasLocation": true
    },
    {
      "_id": "69033f0a94cc371dc9eea2de",
      "userId": "69033bfa94cc371dc9eea104",
      "displayName": "Rom",
      "experienceYears": 2,
      "services": [
        "AC Repair",
        "Refrigerator",
        "Washing Machine",
        "Fan Repair"
      ],
      "workAreas": [
        "Kannur",
        "Thiruvananthapuram"
      ],
      "personalInfo": {
        "fullName": "Rom",
        "gender": "male",
        "phoneNumber": "7484393991",
        "dateOfBirth": "2007-10-09T00:00:00.000Z",
        "address": {
          "street": "Puthiya Road",
          "city": "Puthiya Road",
          "state": "Kerala",
          "pincode": "679307"
        },
        "languages": [
          "English",
          "Hindi"
        ]
      },
      "currentLocation": {
        "type": "Point",
        "coordinates": [
          76.21353149414064,
          10.85387472741288
        ]
      },
      "averageRating": 0,
      "ratingCount": 0,
      "profilePictureUrl": "https://res.cloudinary.com/dyn2dphv0/image/upload/v1761820422/technician-documents/file_ymup2y.jpg",
      "distance": 5199.677769223169,
      "isNearby": true,
      "hasLocation": true
    },
    {
      "_id": "69045a540dca810266755a67",
      "userId": "690459610dca810266755a11",
      "displayName": "Charlie",
      "experienceYears": 4,
      "services": [
        "AC Repair",
        "Fan Repair",
        "Washing Machine"
      ],
      "workAreas": [
        "Kannur",
        "Thiruvananthapuram",
        "Kochi"
      ],
      "personalInfo": {
        "fullName": "Charlie",
        "gender": "male",
        "phoneNumber": "5678987654",
        "dateOfBirth": "2007-10-02T00:00:00.000Z",
        "address": {
          "street": "Perumbilavu-Nilambur Road",
          "city": "Koppam",
          "state": "Kerala",
          "pincode": "679307"
        },
        "languages": [
          "Hindi",
          "Malayalam"
        ]
      },
      "currentLocation": {
        "type": "Point",
        "coordinates": [
          76.18732452043334,
          10.851514451625107
        ]
      },
      "averageRating": 0,
      "ratingCount": 0,
      "profilePictureUrl": "https://res.cloudinary.com/dyn2dphv0/image/upload/v1761893130/technician-documents/file_i0j25e.jpg",
      "distance": 8063.286411910492,
      "isNearby": true,
      "hasLocation": true
    },
    {
      "_id": "690463000dca810266755c77",
      "userId": "690461610dca810266755c1b",
      "displayName": "Federic",
      "experienceYears": 3,
      "services": [
        "AC Repair",
        "AC Installation"
      ],
      "workAreas": [
        "Kannur",
        "Kochi"
      ],
      "personalInfo": {
        "fullName": "Federic",
        "gender": "male",
        "phoneNumber": "5678987654",
        "dateOfBirth": "2006-06-29T00:00:00.000Z",
        "address": {
          "street": "Ezumangad - Karukaputhur",
          "city": "Peringannur",
          "state": "Kerala",
          "pincode": "679532"
        },
        "languages": [
          "English",
          "Tamil",
          "Malayalam"
        ]
      },
      "currentLocation": {
        "type": "Point",
        "coordinates": [
          76.19064330880066,
          10.759786482837015
        ]
      },
      "averageRating": 0,
      "ratingCount": 0,
      "profilePictureUrl": "https://res.cloudinary.com/dyn2dphv0/image/upload/v1761895164/technician-documents/file_q1rf2j.jpg",
      "distance": 13768.082599248464,
      "isNearby": true,
      "hasLocation": true
    },
    {
      "_id": "6904611f0dca810266755c05",
      "userId": "69045c510dca810266755b77",
      "displayName": "Emilie",
      "experienceYears": 2,
      "services": [
        "AC Repair",
        "Refrigerator",
        "Microwave Oven"
      ],
      "workAreas": [
        "Kannur",
        "Malappuram",
        "Kollam"
      ],
      "personalInfo": {
        "fullName": "Emilie",
        "gender": "female",
        "phoneNumber": "5678987654",
        "dateOfBirth": "2003-10-21T00:00:00.000Z",
        "address": {
          "street": "Kunniyankunnu Colony",
          "city": "Vengad",
          "state": "Kerala",
          "pincode": "576552"
        },
        "languages": [
          "English",
          "Tamil"
        ]
      },
      "currentLocation": {
        "type": "Point",
        "coordinates": [
          76.12106323154877,
          10.91118997767666
        ]
      },
      "averageRating": 0,
      "ratingCount": 0,
      "profilePictureUrl": "https://res.cloudinary.com/dyn2dphv0/image/upload/v1761894635/technician-documents/file_ue0njv.jpg",
      "distance": 16111.23650035338,
      "isNearby": true,
      "hasLocation": true
    },
    {
      "_id": "6904c0586d2d8bcb9cc12c47",
      "userId": "6904be93f62d1286f5b1db09",
      "displayName": "Jacob",
      "experienceYears": 2,
      "services": [
        "AC Repair",
        "AC Installation"
      ],
      "workAreas": [
        "Kannur",
        "Thiruvananthapuram"
      ],
      "personalInfo": {
        "fullName": "Jacob",
        "gender": "male",
        "phoneNumber": "8766789997",
        "dateOfBirth": "2003-06-26T00:00:00.000Z",
        "address": {
          "street": "Kaivelikkal Kanthapalli Road",
          "city": "Panoor",
          "state": "Kerala",
          "pincode": "670692"
        },
        "languages": [
          "English",
          "Hindi"
        ]
      },
      "currentLocation": {
        "type": "Point",
        "coordinates": [
          75.60607904568316,
          11.775947798478454
        ]
      },
      "averageRating": 0,
      "ratingCount": 0,
      "profilePictureUrl": "https://res.cloudinary.com/dyn2dphv0/image/upload/v1761919058/technician-documents/file_zuebsl.jpg",
      "distance": 124061.84626863194,
      "isNearby": false,
      "hasLocation": true
    }
  ],
  "count": 8
}
2025-11-03 11:56:53:5653 [info]: Nearby technicians found successfully
{
  "operation": "getNearbyTechnicians",
  "latitude": "10.86303466917621",
  "longitude": "76.26022338867189",
  "radius": "50",
  "serviceName": "AC Repair",
  "technicianCount": 8
}
2025-11-03 11:56:53:5653 [http]: ::1 - - [03/Nov/2025:06:26:53 +0000] "GET /api/user/nearby-technicians?lat=10.86303466917621&lng=76.26022338867189&radius=50&serviceName=AC+Repair&page=1&limit=10 HTTP/1.1" 200 6209 "http://localhost:5173/" "Mozilla/5.0 (Windows NT 10.0; Win64; x64) AppleWebKit/537.36 (KHTML, like Gecko) Chrome/141.0.0.0 Safari/537.36"
2025-11-03 11:56:53:5653 [http]: Request completed
{
  "method": "GET",
  "url": "/nearby-technicians?lat=10.86303466917621&lng=76.26022338867189&radius=50&serviceName=AC+Repair&page=1&limit=10",
  "statusCode": 200,
  "duration": "157ms",
  "contentLength": "6209"
}
2025-11-03 11:56:56:5656 [http]: Incoming request
{
  "method": "OPTIONS",
  "url": "/api/admin/technicians/public/69055e480ffeba2c82b9211a",
  "ip": "::1",
  "userAgent": "Mozilla/5.0 (Windows NT 10.0; Win64; x64) AppleWebKit/537.36 (KHTML, like Gecko) Chrome/141.0.0.0 Safari/537.36",
  "query": {}
}
2025-11-03 11:56:56:5656 [http]: ::1 - - [03/Nov/2025:06:26:56 +0000] "OPTIONS /api/admin/technicians/public/69055e480ffeba2c82b9211a HTTP/1.1" 204 0 "http://localhost:5173/" "Mozilla/5.0 (Windows NT 10.0; Win64; x64) AppleWebKit/537.36 (KHTML, like Gecko) Chrome/141.0.0.0 Safari/537.36"
2025-11-03 11:56:56:5656 [http]: Request completed
{
  "method": "OPTIONS",
  "url": "/api/admin/technicians/public/69055e480ffeba2c82b9211a",
  "statusCode": 204,
  "duration": "4ms",
  "contentLength": "0"
}
2025-11-03 11:56:56:5656 [http]: Incoming request
{
  "method": "GET",
  "url": "/api/admin/technicians/public/69055e480ffeba2c82b9211a",
  "ip": "::1",
  "userAgent": "Mozilla/5.0 (Windows NT 10.0; Win64; x64) AppleWebKit/537.36 (KHTML, like Gecko) Chrome/141.0.0.0 Safari/537.36",
  "query": {}
}
2025-11-03 11:56:56:5656 [info]: Fetching public technician by ID
{
  "operation": "getPublicTechnicianById",
  "technicianId": "69055e480ffeba2c82b9211a"
}
2025-11-03 11:56:56:5656 [info]: Get technician by id
{
  "operation": "getPublicTechnicianById",
  "technicianId": "69055e480ffeba2c82b9211a"
}
2025-11-03 11:56:56:5656 [http]: Incoming request
{
  "method": "OPTIONS",
  "url": "/api/admin/technicians/public/69055e480ffeba2c82b9211a",
  "ip": "::1",
  "userAgent": "Mozilla/5.0 (Windows NT 10.0; Win64; x64) AppleWebKit/537.36 (KHTML, like Gecko) Chrome/141.0.0.0 Safari/537.36",
  "query": {}
}
2025-11-03 11:56:56:5656 [http]: ::1 - - [03/Nov/2025:06:26:56 +0000] "OPTIONS /api/admin/technicians/public/69055e480ffeba2c82b9211a HTTP/1.1" 204 0 "http://localhost:5173/" "Mozilla/5.0 (Windows NT 10.0; Win64; x64) AppleWebKit/537.36 (KHTML, like Gecko) Chrome/141.0.0.0 Safari/537.36"
2025-11-03 11:56:56:5656 [http]: Request completed
{
  "method": "OPTIONS",
  "url": "/api/admin/technicians/public/69055e480ffeba2c82b9211a",
  "statusCode": 204,
  "duration": "2ms",
  "contentLength": "0"
}
2025-11-03 11:56:56:5656 [http]: Incoming request
{
  "method": "GET",
  "url": "/api/admin/technicians/public/69055e480ffeba2c82b9211a",
  "ip": "::1",
  "userAgent": "Mozilla/5.0 (Windows NT 10.0; Win64; x64) AppleWebKit/537.36 (KHTML, like Gecko) Chrome/141.0.0.0 Safari/537.36",
  "query": {}
}
2025-11-03 11:56:56:5656 [info]: Fetching public technician by ID
{
  "operation": "getPublicTechnicianById",
  "technicianId": "69055e480ffeba2c82b9211a"
}
2025-11-03 11:56:56:5656 [info]: Get technician by id
{
  "operation": "getPublicTechnicianById",
  "technicianId": "69055e480ffeba2c82b9211a"
}
2025-11-03 11:56:56:5656 [debug]: Converting technician to admin view
{
  "operation": "convertToAdminTechnician",
  "technicianId": "69055e480ffeba2c82b9211a"
}
2025-11-03 11:56:56:5656 [debug]: Converting technician to admin view
{
  "operation": "convertToAdminTechnician",
  "technicianId": "69055e480ffeba2c82b9211a"
}
2025-11-03 11:56:57:5657 [debug]: Successfully converted technician to admin view
{
  "operation": "convertToAdminTechnician",
  "technicianId": "69055e480ffeba2c82b9211a"
}
2025-11-03 11:56:57:5657 [info]: Technician retrieved
{
  "operation": "getPublicTechnicianById",
  "technicianId": "69055e480ffeba2c82b9211a",
  "technician": {
    "_id": "69055e480ffeba2c82b9211a",
    "userId": "[object Object]",
    "displayName": "Kiya",
    "email": "kiya@yopmail.com",
    "phone": "8766789997",
    "services": [
      "Refrigerator",
      "AC Installation",
      "AC Repair"
    ],
    "status": "approved",
    "bio": "Very proficient in AC installation and refrigerator with 3 years of experience.",
    "profilePictureUrl": "https://res.cloudinary.com/dyn2dphv0/image/upload/v1761961446/technician-documents/file_djyk53.jpg",
    "averageRating": 0,
    "ratingCount": 0,
    "totalJobs": 0,
    "completedJobs": 0,
    "ongoingJobs": 0,
    "totalEarnings": 0,
    "experienceYears": 4,
    "workAreas": [
      "Kannur",
      "Thiruvananthapuram"
    ],
    "serviceRadiusKm": 15,
    "personalInfo": {
      "fullName": "Kiya",
      "gender": "female",
      "phoneNumber": "8766789997",
      "dateOfBirth": "2003-05-12T00:00:00.000Z",
      "languages": [
        "English",
        "Hindi",
        "Malayalam"
      ],
      "address": {
        "street": "Choorakode",
        "city": "Choorakode",
        "state": "Kerala",
        "pincode": "679337"
      }
    },
    "documents": [
      {
        "type": "idProof",
        "url": "https://res.cloudinary.com/dyn2dphv0/raw/upload/v1761959489/technician-documents/ID_PROOF_wa17in.pdf",
        "verified": false,
        "uploadedAt": "2025-11-01T01:11:24.717Z"
      },
      {
        "type": "addressProof",
        "url": "https://res.cloudinary.com/dyn2dphv0/raw/upload/v1761959490/technician-documents/ADDRESS_PROOF_mjmd2h.pdf",
        "verified": false,
        "uploadedAt": "2025-11-01T01:11:25.578Z"
      },
      {
        "type": "passportPhoto",
        "url": "https://res.cloudinary.com/dyn2dphv0/image/upload/v1761959491/technician-documents/file_bgbeos.jpg",
        "verified": false,
        "uploadedAt": "2025-11-01T01:11:26.553Z"
      }
    ],
    "availability": {
      "isAvailable": true,
      "schedule": [
        {
          "day": "monday",
          "slots": [
            {
              "start": "Mon Nov 10 2025 09:00:00 GMT+0530 (India Standard Time)",
              "end": "Mon Nov 10 2025 10:00:00 GMT+0530 (India Standard Time)"
            },
            {
              "start": "Mon Nov 10 2025 10:00:00 GMT+0530 (India Standard Time)",
              "end": "Mon Nov 10 2025 11:00:00 GMT+0530 (India Standard Time)"
            },
            {
              "start": "Mon Nov 10 2025 11:00:00 GMT+0530 (India Standard Time)",
              "end": "Mon Nov 10 2025 12:00:00 GMT+0530 (India Standard Time)"
            },
            {
              "start": "Mon Nov 10 2025 12:00:00 GMT+0530 (India Standard Time)",
              "end": "Mon Nov 10 2025 13:00:00 GMT+0530 (India Standard Time)"
            },
            {
              "start": "Mon Nov 10 2025 13:00:00 GMT+0530 (India Standard Time)",
              "end": "Mon Nov 10 2025 14:00:00 GMT+0530 (India Standard Time)"
            },
            {
              "start": "Mon Nov 10 2025 14:00:00 GMT+0530 (India Standard Time)",
              "end": "Mon Nov 10 2025 15:00:00 GMT+0530 (India Standard Time)"
            },
            {
              "start": "Mon Nov 10 2025 15:00:00 GMT+0530 (India Standard Time)",
              "end": "Mon Nov 10 2025 16:00:00 GMT+0530 (India Standard Time)"
            },
            {
              "start": "Mon Nov 10 2025 16:00:00 GMT+0530 (India Standard Time)",
              "end": "Mon Nov 10 2025 17:00:00 GMT+0530 (India Standard Time)"
            },
            {
              "start": "Mon Nov 10 2025 17:00:00 GMT+0530 (India Standard Time)",
              "end": "Mon Nov 10 2025 18:00:00 GMT+0530 (India Standard Time)"
            }
          ],
          "available": true
        },
        {
          "day": "tuesday",
          "slots": [],
          "available": false
        },
        {
          "day": "wednesday",
          "slots": [],
          "available": false
        },
        {
          "day": "thursday",
          "slots": [],
          "available": false
        },
        {
          "day": "friday",
          "slots": [],
          "available": false
        },
        {
          "day": "saturday",
          "slots": [],
          "available": false
        },
        {
          "day": "sunday",
          "slots": [
            {
              "start": "Sun Nov 09 2025 09:00:00 GMT+0530 (India Standard Time)",
              "end": "Sun Nov 09 2025 10:00:00 GMT+0530 (India Standard Time)"
            },
            {
              "start": "Sun Nov 09 2025 10:00:00 GMT+0530 (India Standard Time)",
              "end": "Sun Nov 09 2025 11:00:00 GMT+0530 (India Standard Time)"
            },
            {
              "start": "Sun Nov 09 2025 11:00:00 GMT+0530 (India Standard Time)",
              "end": "Sun Nov 09 2025 12:00:00 GMT+0530 (India Standard Time)"
            },
            {
              "start": "Sun Nov 09 2025 12:00:00 GMT+0530 (India Standard Time)",
              "end": "Sun Nov 09 2025 13:00:00 GMT+0530 (India Standard Time)"
            },
            {
              "start": "Sun Nov 09 2025 13:00:00 GMT+0530 (India Standard Time)",
              "end": "Sun Nov 09 2025 14:00:00 GMT+0530 (India Standard Time)"
            },
            {
              "start": "Sun Nov 09 2025 14:00:00 GMT+0530 (India Standard Time)",
              "end": "Sun Nov 09 2025 15:00:00 GMT+0530 (India Standard Time)"
            },
            {
              "start": "Sun Nov 09 2025 15:00:00 GMT+0530 (India Standard Time)",
              "end": "Sun Nov 09 2025 16:00:00 GMT+0530 (India Standard Time)"
            },
            {
              "start": "Sun Nov 09 2025 16:00:00 GMT+0530 (India Standard Time)",
              "end": "Sun Nov 09 2025 17:00:00 GMT+0530 (India Standard Time)"
            },
            {
              "start": "Sun Nov 09 2025 17:00:00 GMT+0530 (India Standard Time)",
              "end": "Sun Nov 09 2025 18:00:00 GMT+0530 (India Standard Time)"
            }
          ],
          "available": true
        }
      ],
      "hasAvailability": true,
      "slotRulesCount": 1,
      "workRadius": 20
    },
    "createdAt": "2025-11-01T01:11:36.084Z",
    "updatedAt": "2025-11-01T10:05:58.946Z"
  }
}
2025-11-03 11:56:57:5657 [info]: Public technician retrieved successfully
{
  "operation": "getPublicTechnicianById",
  "technicianId": "69055e480ffeba2c82b9211a",
  "technicianName": "Kiya"
}
2025-11-03 11:56:57:5657 [http]: ::1 - - [03/Nov/2025:06:26:57 +0000] "GET /api/admin/technicians/public/69055e480ffeba2c82b9211a HTTP/1.1" 200 4430 "http://localhost:5173/" "Mozilla/5.0 (Windows NT 10.0; Win64; x64) AppleWebKit/537.36 (KHTML, like Gecko) Chrome/141.0.0.0 Safari/537.36"
2025-11-03 11:56:57:5657 [http]: Request completed
{
  "method": "GET",
  "url": "/public/69055e480ffeba2c82b9211a",
  "statusCode": 200,
  "duration": "667ms",
  "contentLength": "4430"
}
2025-11-03 11:56:57:5657 [debug]: Successfully converted technician to admin view
{
  "operation": "convertToAdminTechnician",
  "technicianId": "69055e480ffeba2c82b9211a"
}
2025-11-03 11:56:57:5657 [info]: Technician retrieved
{
  "operation": "getPublicTechnicianById",
  "technicianId": "69055e480ffeba2c82b9211a",
  "technician": {
    "_id": "69055e480ffeba2c82b9211a",
    "userId": "[object Object]",
    "displayName": "Kiya",
    "email": "kiya@yopmail.com",
    "phone": "8766789997",
    "services": [
      "Refrigerator",
      "AC Installation",
      "AC Repair"
    ],
    "status": "approved",
    "bio": "Very proficient in AC installation and refrigerator with 3 years of experience.",
    "profilePictureUrl": "https://res.cloudinary.com/dyn2dphv0/image/upload/v1761961446/technician-documents/file_djyk53.jpg",
    "averageRating": 0,
    "ratingCount": 0,
    "totalJobs": 0,
    "completedJobs": 0,
    "ongoingJobs": 0,
    "totalEarnings": 0,
    "experienceYears": 4,
    "workAreas": [
      "Kannur",
      "Thiruvananthapuram"
    ],
    "serviceRadiusKm": 15,
    "personalInfo": {
      "fullName": "Kiya",
      "gender": "female",
      "phoneNumber": "8766789997",
      "dateOfBirth": "2003-05-12T00:00:00.000Z",
      "languages": [
        "English",
        "Hindi",
        "Malayalam"
      ],
      "address": {
        "street": "Choorakode",
        "city": "Choorakode",
        "state": "Kerala",
        "pincode": "679337"
      }
    },
    "documents": [
      {
        "type": "idProof",
        "url": "https://res.cloudinary.com/dyn2dphv0/raw/upload/v1761959489/technician-documents/ID_PROOF_wa17in.pdf",
        "verified": false,
        "uploadedAt": "2025-11-01T01:11:24.717Z"
      },
      {
        "type": "addressProof",
        "url": "https://res.cloudinary.com/dyn2dphv0/raw/upload/v1761959490/technician-documents/ADDRESS_PROOF_mjmd2h.pdf",
        "verified": false,
        "uploadedAt": "2025-11-01T01:11:25.578Z"
      },
      {
        "type": "passportPhoto",
        "url": "https://res.cloudinary.com/dyn2dphv0/image/upload/v1761959491/technician-documents/file_bgbeos.jpg",
        "verified": false,
        "uploadedAt": "2025-11-01T01:11:26.553Z"
      }
    ],
    "availability": {
      "isAvailable": true,
      "schedule": [
        {
          "day": "monday",
          "slots": [
            {
              "start": "Mon Nov 10 2025 09:00:00 GMT+0530 (India Standard Time)",
              "end": "Mon Nov 10 2025 10:00:00 GMT+0530 (India Standard Time)"
            },
            {
              "start": "Mon Nov 10 2025 10:00:00 GMT+0530 (India Standard Time)",
              "end": "Mon Nov 10 2025 11:00:00 GMT+0530 (India Standard Time)"
            },
            {
              "start": "Mon Nov 10 2025 11:00:00 GMT+0530 (India Standard Time)",
              "end": "Mon Nov 10 2025 12:00:00 GMT+0530 (India Standard Time)"
            },
            {
              "start": "Mon Nov 10 2025 12:00:00 GMT+0530 (India Standard Time)",
              "end": "Mon Nov 10 2025 13:00:00 GMT+0530 (India Standard Time)"
            },
            {
              "start": "Mon Nov 10 2025 13:00:00 GMT+0530 (India Standard Time)",
              "end": "Mon Nov 10 2025 14:00:00 GMT+0530 (India Standard Time)"
            },
            {
              "start": "Mon Nov 10 2025 14:00:00 GMT+0530 (India Standard Time)",
              "end": "Mon Nov 10 2025 15:00:00 GMT+0530 (India Standard Time)"
            },
            {
              "start": "Mon Nov 10 2025 15:00:00 GMT+0530 (India Standard Time)",
              "end": "Mon Nov 10 2025 16:00:00 GMT+0530 (India Standard Time)"
            },
            {
              "start": "Mon Nov 10 2025 16:00:00 GMT+0530 (India Standard Time)",
              "end": "Mon Nov 10 2025 17:00:00 GMT+0530 (India Standard Time)"
            },
            {
              "start": "Mon Nov 10 2025 17:00:00 GMT+0530 (India Standard Time)",
              "end": "Mon Nov 10 2025 18:00:00 GMT+0530 (India Standard Time)"
            }
          ],
          "available": true
        },
        {
          "day": "tuesday",
          "slots": [],
          "available": false
        },
        {
          "day": "wednesday",
          "slots": [],
          "available": false
        },
        {
          "day": "thursday",
          "slots": [],
          "available": false
        },
        {
          "day": "friday",
          "slots": [],
          "available": false
        },
        {
          "day": "saturday",
          "slots": [],
          "available": false
        },
        {
          "day": "sunday",
          "slots": [
            {
              "start": "Sun Nov 09 2025 09:00:00 GMT+0530 (India Standard Time)",
              "end": "Sun Nov 09 2025 10:00:00 GMT+0530 (India Standard Time)"
            },
            {
              "start": "Sun Nov 09 2025 10:00:00 GMT+0530 (India Standard Time)",
              "end": "Sun Nov 09 2025 11:00:00 GMT+0530 (India Standard Time)"
            },
            {
              "start": "Sun Nov 09 2025 11:00:00 GMT+0530 (India Standard Time)",
              "end": "Sun Nov 09 2025 12:00:00 GMT+0530 (India Standard Time)"
            },
            {
              "start": "Sun Nov 09 2025 12:00:00 GMT+0530 (India Standard Time)",
              "end": "Sun Nov 09 2025 13:00:00 GMT+0530 (India Standard Time)"
            },
            {
              "start": "Sun Nov 09 2025 13:00:00 GMT+0530 (India Standard Time)",
              "end": "Sun Nov 09 2025 14:00:00 GMT+0530 (India Standard Time)"
            },
            {
              "start": "Sun Nov 09 2025 14:00:00 GMT+0530 (India Standard Time)",
              "end": "Sun Nov 09 2025 15:00:00 GMT+0530 (India Standard Time)"
            },
            {
              "start": "Sun Nov 09 2025 15:00:00 GMT+0530 (India Standard Time)",
              "end": "Sun Nov 09 2025 16:00:00 GMT+0530 (India Standard Time)"
            },
            {
              "start": "Sun Nov 09 2025 16:00:00 GMT+0530 (India Standard Time)",
              "end": "Sun Nov 09 2025 17:00:00 GMT+0530 (India Standard Time)"
            },
            {
              "start": "Sun Nov 09 2025 17:00:00 GMT+0530 (India Standard Time)",
              "end": "Sun Nov 09 2025 18:00:00 GMT+0530 (India Standard Time)"
            }
          ],
          "available": true
        }
      ],
      "hasAvailability": true,
      "slotRulesCount": 1,
      "workRadius": 20
    },
    "createdAt": "2025-11-01T01:11:36.084Z",
    "updatedAt": "2025-11-01T10:05:58.946Z"
  }
}
2025-11-03 11:56:57:5657 [info]: Public technician retrieved successfully
{
  "operation": "getPublicTechnicianById",
  "technicianId": "69055e480ffeba2c82b9211a",
  "technicianName": "Kiya"
}
2025-11-03 11:56:57:5657 [http]: ::1 - - [03/Nov/2025:06:26:57 +0000] "GET /api/admin/technicians/public/69055e480ffeba2c82b9211a HTTP/1.1" 200 4430 "http://localhost:5173/" "Mozilla/5.0 (Windows NT 10.0; Win64; x64) AppleWebKit/537.36 (KHTML, like Gecko) Chrome/141.0.0.0 Safari/537.36"
2025-11-03 11:56:57:5657 [http]: Request completed
{
  "method": "GET",
  "url": "/public/69055e480ffeba2c82b9211a",
  "statusCode": 200,
  "duration": "725ms",
  "contentLength": "4430"
}
